review_id,robustness_score,frac_significant,frac_reversed,iqr_theta,eta2_estimator,audit_n_fail,audit_n_warn,audit_pct_fail,audit_pub_bias_flag,audit_model_misspec_flag,audit_prediction_gap_flag,audit_excess_sig_flag,audit_integrity_flag,quality_score,fragility_sub,bias_sub,prediction_sub,orb_sub,benford_mad,has_changepoint,n_changepoints,k,total_n,hl_half_life_k,hl_volatility,hl_n_flips,hl_half_life_pct,hl_year_span,hl_final_score,hl_stabilizes,hl_early_stabilizer,hl_class_unstable,hl_class_robust,bf_egger_p,bf_egger_sig,bf_begg_tau,bf_begg_sig,bf_pcurve_evidential,bf_pcurve_inadequate,bf_zcurve_edr,bf_tf_k0,bf_n_detect,bf_max_shift,bf_mean_shift,bf_concordance,bf_class_confirmed,bf_class_suspected,mes_c_sig,mes_pi_null_rate,mes_dominant_eta2,mes_dim_bias_correction,data_type_binary,data_type_continuous,data_type_GIV,topdim_Bias_Correction,topdim_Estimator,topdim_Leave_One_Out,topdim_CI_Method,never_stabilized,fragile_or_unstable,low_quality
CD000028,66.67,0.6666666666666666,0.0,0.1583722997330451,0.0,5,9,0.6666666666666666,1,1,1,0,0,66.8,66.67,1.0,1.07,10.0,0.09977111207467085,0,0,13.0,61632.0,10.0,5.56,1.0,47.6,14.0,100.0,1.0,0.0,0.0,1.0,0.0827,1.0,-0.253,0.0,0.0,0.0,0.0847,2.0,1.0,0.6001,0.3145,100.0,1.0,0.0,0.7391,0.3913,0.991,1,1,0,0,1,0,0,0,0,1,0
CD000143,87.55,0.1245421245421245,0.0,0.1247388310018537,0.3007,6,8,0.375,1,1,1,0,0,69.6,87.55,0.0,3.17,40.0,0.10450707337541267,0,0,9.0,3269.0,,19.44,6.0,,7.0,25.0,0.0,0.0,1.0,0.0,0.8038,0.0,0.0462,0.0,1.0,0.0,0.2778,0.0,0.0,0.4118,0.2059,100.0,0.0,1.0,0.971,0.971,0.946,1,0,0,1,0,1,0,0,0,0,0
CD000219,49.06,0.4906204906204906,0.0,0.084626221720921,0.3101,4,7,0.5,0,1,1,0,0,46.9,49.06,0.0,2.82,35.0,0.14395944041969722,0,0,17.0,6858.0,11.0,8.33,3.0,52.4,33.0,100.0,1.0,0.0,0.0,1.0,0.5184,0.0,0.0,0.0,0.0,0.0,0.1968,0.0,0.0,0.3513,0.1756,100.0,0.0,1.0,0.6812,0.6522,0.9046,1,0,0,1,1,0,0,0,0,1,1
CD000478,69.05,0.6904761904761905,0.0,0.1010709100834624,0.0,0,6,0.0,0,0,0,0,0,77.7,69.05,0.0,1.12,10.0,0.10602694549325832,0,0,10.0,1318.0,6.0,10.0,2.0,46.2,23.0,100.0,1.0,0.0,0.0,1.0,0.339,0.0,-0.1026,0.0,0.0,0.0,0.192,0.0,0.0,0.3098,0.1549,100.0,0.0,1.0,0.7391,0.3913,0.9477,1,0,0,1,1,0,0,0,0,1,0
CD000547,66.6,0.6660187884677681,0.0,0.7861966393495081,0.0,13,11,0.5833333333333334,1,1,1,1,0,44.6,66.6,2.0,5.39,25.0,0.14335512000316822,0,0,20.0,2041.0,6.0,0.83,1.0,12.5,13.0,100.0,1.0,0.0,0.0,1.0,0.0028,1.0,0.307,1.0,1.0,0.0,0.2734,5.0,2.0,1.0127,0.5766,50.0,1.0,0.0,0.7391,0.913,0.9729,1,0,0,1,1,0,0,0,0,1,1
CD001155,93.81,0.0619047619047619,0.0,0.0190062083735501,0.1177,4,13,0.3,1,0,1,0,0,81.8,93.81,0.0,4.61,40.0,0.11619527672896389,0,0,35.0,65148.0,,0.45,0.0,,19.0,25.0,0.0,0.0,1.0,0.0,0.9155,0.0,0.014,0.0,1.0,0.0,0.1022,0.0,0.0,0.0154,0.0077,100.0,0.0,0.0,0.971,0.971,0.8086,1,0,0,1,0,1,0,0,0,0,0
CD001321,57.82,0.5782312925170068,0.0,0.4289215926407569,0.0802,7,5,0.6,1,1,1,0,0,40.0,57.82,2.0,3.91,35.0,0.054112844093862786,0,0,33.0,22281.0,14.0,14.58,9.0,51.9,16.0,100.0,1.0,0.0,0.0,1.0,0.0028,1.0,-0.2707,1.0,1.0,0.0,0.2157,2.0,2.0,1.2327,0.6287,50.0,1.0,0.0,0.4783,0.9565,0.9425,1,0,0,1,1,0,0,0,0,1,1
CD001396,66.67,0.6666666666666666,0.0,0.8136592210977334,0.0,12,20,0.4,1,0,0,1,0,66.1,66.67,2.0,3.08,15.0,0.12908237605733877,0,0,14.0,5351.0,4.0,1.39,1.0,13.3,20.0,100.0,1.0,1.0,0.0,1.0,0.0,1.0,0.5402,1.0,1.0,0.0,0.4464,4.0,2.0,0.9258,0.4881,100.0,1.0,0.0,0.7391,0.4783,0.9923,1,0,0,1,1,0,0,0,0,1,0
CD001431,93.78,0.0,0.0,0.0172566564461203,0.0028,20,8,1.0,1,1,1,1,0,68.1,93.78,0.0,5.01,65.0,0.0879110876400286,0,0,170.0,103164.0,,0.43,0.0,,25.0,0.0,0.0,0.0,1.0,0.0,0.7984,0.0,-0.0782,0.0,1.0,0.0,0.171,2.0,0.0,1.0159,0.784,75.0,0.0,1.0,1.0,1.0,0.8061,1,0,0,1,0,0,1,0,0,0,0
CD001533,81.67,0.0815295815295815,0.0,0.0386486325503897,0.1449,11,7,0.7142857142857143,1,1,1,1,0,66.1,81.67,0.0,1.91,50.0,0.07564840254009755,0,0,35.0,3535.0,,5.56,2.0,,26.0,0.0,0.0,0.0,1.0,0.0,0.4006,0.0,0.1714,0.0,0.0,0.0,0.0828,0.0,0.0,0.591,0.3579,100.0,0.0,1.0,0.8261,0.971,0.4073,1,0,0,1,0,1,0,0,0,0,0
CD001552,17.46,0.1746031746031746,0.0,0.5266761333746837,0.0699,6,10,0.36363636363636365,1,1,1,1,0,23.8,17.46,,11.62,55.0,0.1269380897110493,0,0,8.0,795.0,,,,,,,,,,,,,,,,,,,,,,,,,0.8333,0.9722,0.8856,1,0,0,1,0,0,0,1,0,1,1
CD001703,68.18,0.6818181818181818,0.0,0.3334203481100087,0.0,1,25,0.037037037037037035,0,0,1,0,0,78.9,68.18,0.0,1.07,0.0,,0,0,6.0,1502.0,7.0,5.56,2.0,33.3,30.0,100.0,1.0,0.0,0.0,1.0,0.1395,0.0,0.2286,0.0,0.0,0.0,0.1267,3.0,0.0,0.4391,0.2412,100.0,0.0,1.0,0.7391,0.3913,0.9974,1,0,0,1,1,0,0,0,0,1,0
CD001797,66.67,0.6666666666666666,0.0,0.1213372665366713,0.0,3,11,0.3,0,0,1,0,1,84.6,66.67,0.0,1.62,25.0,0.1263636079646695,0,0,8.0,375.0,4.0,25.0,1.0,80.0,12.0,100.0,1.0,1.0,0.0,1.0,0.51,0.0,0.6,0.0,0.0,0.0,0.4868,1.0,0.0,0.2116,0.1164,100.0,0.0,0.0,0.7647,0.3725,0.9524,1,0,0,1,1,0,0,0,0,1,0
CD001837,66.67,0.6666666666666666,0.0,0.1914484169339537,0.0,5,3,0.5,1,1,1,0,0,44.6,66.67,2.0,4.57,25.0,0.0893466647395472,1,3,65.0,39320.0,4.0,1.09,1.0,8.2,30.0,100.0,1.0,1.0,0.0,1.0,0.018,1.0,0.2262,1.0,1.0,0.0,0.2074,4.0,2.0,0.8975,0.5083,100.0,1.0,0.0,0.7391,0.913,0.9897,1,0,0,1,1,0,0,0,1,1,1
CD001909,100.0,1.0,0.0,0.0513566021998341,0.0,6,9,0.42857142857142855,1,1,1,0,0,88.5,100.0,1.0,1.06,10.0,,0,0,14.0,6048.0,11.0,9.09,4.0,44.0,21.0,100.0,1.0,0.0,0.0,1.0,0.0811,1.0,-0.0242,0.0,1.0,0.0,0.1714,4.0,1.0,0.3335,0.1192,100.0,0.0,1.0,1.0,0.1739,0.826,1,0,0,1,0,1,0,0,0,0,0
CD001920,93.33,0.0,0.0,0.1433531978679918,0.0,10,10,0.8181818181818182,1,0,0,0,1,81.6,93.33,,2.2,10.0,0.1059997173191694,0,0,118.0,19079.0,,,,,,,,,,,,,,,,,,,,,,,,,1.0,1.0,0.8951,1,0,0,1,0,0,1,0,0,0,0
CD002042,100.0,1.0,0.0,0.1827055187285054,0.0,18,41,0.2647058823529412,1,1,1,1,0,62.5,100.0,2.0,6.92,50.0,0.1275625039394931,0,0,57.0,28357.0,4.0,1.25,2.0,7.5,31.0,100.0,1.0,1.0,0.0,1.0,0.0849,1.0,-0.2818,1.0,1.0,0.0,0.8113,3.0,2.0,0.423,0.1989,100.0,0.0,1.0,0.971,0.8986,0.9381,1,1,0,0,0,1,0,0,0,0,0
CD002052,91.67,0.0,0.0,0.070718810350375,0.0,0,13,0.0,0,0,0,0,0,82.8,91.67,,6.48,0.0,0.12484373584682386,0,0,4.0,288.0,,,,,,,,,,,,,,,,,,,,,,,,,0.5,1.0,1.0,1,0,0,1,0,0,1,0,0,0,0
CD002112,66.67,0.6666666666666666,0.0,0.2325401083478159,0.0,9,6,0.5,1,1,1,1,0,40.8,66.67,2.0,3.0,50.0,0.14667820851236646,0,0,37.0,4801.0,11.0,8.33,4.0,52.4,21.0,100.0,1.0,0.0,0.0,1.0,0.0324,1.0,0.3619,1.0,0.0,0.0,0.268,2.0,2.0,0.7623,0.4474,100.0,1.0,0.0,0.7391,0.7391,0.9403,1,0,0,1,1,0,0,0,0,1,1
CD002115,39.95,0.3994708994708995,0.0,0.8644882531641381,0.0114,4,10,0.2727272727272727,1,0,0,0,1,33.0,39.95,3.0,3.32,40.0,0.1062979891542164,0,0,6.0,565.0,5.0,25.0,1.0,100.0,2.0,100.0,1.0,1.0,0.0,1.0,0.0011,1.0,1.0,1.0,1.0,0.0,0.7829,0.0,3.0,1.0188,0.5094,50.0,1.0,0.0,0.6275,0.9608,0.9348,1,0,0,1,1,0,0,0,1,1,1
CD002122,48.54,0.011974380395433,0.0011138958507379,0.1853880100951034,0.0345,11,13,0.8571428571428571,0,1,1,1,0,43.5,48.54,0.0,5.41,90.0,0.07654386042949941,0,0,21.0,7636.0,,8.02,7.0,,20.0,0.0,0.0,0.0,1.0,0.0,0.2226,0.0,-0.1375,0.0,1.0,0.0,0.3156,4.0,0.0,1.1598,0.7561,50.0,0.0,0.0,0.7391,1.0,0.866,1,1,0,0,1,0,0,0,0,1,1
CD002203,28.23,0.7177093059446,0.0,0.0778592285149644,0.4189,9,34,0.16666666666666666,1,1,1,1,1,38.9,28.23,2.0,4.37,40.0,0.08691124092038491,0,0,10.0,2423.0,,0.53,0.0,,17.0,25.0,0.0,0.0,1.0,0.0,0.0723,1.0,0.2721,1.0,1.0,0.0,0.1044,1.0,2.0,2.5137,0.8171,100.0,1.0,0.0,0.5507,0.8841,0.9445,1,0,0,1,0,1,0,0,0,1,1
CD002243,49.5,0.4950451635534508,0.0,0.069946147197378,0.0681,37,39,0.7619047619047619,1,1,1,1,0,34.8,49.5,2.0,5.73,50.0,0.09114988113089982,0,0,74.0,23225.0,114.0,3.95,14.0,63.3,36.0,100.0,1.0,0.0,0.0,1.0,0.0001,1.0,-0.3127,1.0,1.0,0.0,0.0714,30.0,2.0,0.788,0.485,100.0,1.0,0.0,0.6087,0.7391,0.9176,1,0,0,1,1,0,0,0,0,1,1
CD002290,63.4,0.6339869281045751,0.0,0.4732438973403503,0.0106,10,5,0.8,1,1,1,1,0,41.2,63.4,2.0,3.79,40.0,0.08538684493642541,0,0,55.0,5682.0,9.0,7.69,2.0,56.2,23.0,100.0,1.0,0.0,0.0,1.0,0.0,1.0,-0.812,1.0,1.0,0.0,0.5374,1.0,2.0,1.6901,0.6713,75.0,1.0,0.0,0.6522,0.9275,0.9055,1,0,0,1,1,0,0,0,0,1,1
CD002303,64.29,0.6428571428571429,0.0,0.0731086859621615,0.0037,1,2,0.5,0,1,0,0,0,63.8,64.29,0.0,3.05,25.0,0.1310723410913224,0,0,8.0,1732.0,4.0,25.0,2.0,80.0,6.0,100.0,1.0,1.0,0.0,1.0,0.8674,0.0,-0.4,0.0,1.0,0.0,0.5983,1.0,0.0,0.1254,0.0822,100.0,0.0,0.0,0.7647,0.8627,0.9543,1,0,0,1,1,0,0,0,0,1,0
CD002971,60.03,0.6002886002886003,0.0,0.4529922222132241,0.0001,0,10,0.0,0,0,0,0,0,76.0,60.03,0.0,1.35,0.0,0.0770638858277014,0,0,11.0,2261.0,8.0,35.71,3.0,80.0,40.0,100.0,1.0,0.0,0.0,1.0,0.1613,0.0,-0.2889,0.0,0.0,0.0,0.1128,2.0,0.0,0.8503,0.4557,100.0,0.0,1.0,0.7391,0.6522,0.979,1,0,0,1,1,0,0,0,0,1,0
CD003129,22.22,0.2222222222222222,0.0,0.199467578227051,0.0,1,7,0.14285714285714285,0,0,1,0,0,37.0,22.22,,6.48,0.0,0.10996667148446534,0,0,4.0,422.0,,,,,,,,,,,,,,,,,,,,,,,,,0.8333,0.8889,0.9998,1,0,0,1,0,0,0,1,0,1,1
CD003216,71.11,0.0222222222222222,0.0,0.3404890239393138,0.0,1,6,0.125,1,0,0,0,0,71.2,71.11,,2.48,10.0,0.08748119880065089,0,0,24.0,7480.0,,,,,,,,,,,,,,,,,,,,,,,,,0.5,1.0,0.9427,1,0,0,1,1,0,0,0,0,0,0
CD003218,66.67,0.0,0.0,1.4648810753779506,0.0,0,3,0.0,0,0,0,0,0,58.3,66.67,2.0,1.62,0.0,0.10993944331037643,0,0,3.0,114.0,,0.0,0.0,,5.0,0.0,0.0,0.0,1.0,0.0,0.0619,1.0,0.8,1.0,0.0,0.0,0.0,1.0,2.0,2.9718,1.5599,50.0,1.0,0.0,0.6471,1.0,0.9982,1,0,0,1,1,0,0,0,0,1,1
CD003331,67.59,0.0,0.0,0.2306878350802039,0.0,4,10,0.3333333333333333,1,1,1,0,0,62.2,67.59,0.0,1.04,10.0,0.12484373584682386,0,0,34.0,3941.0,,0.0,0.0,,23.0,0.0,0.0,0.0,1.0,0.0,0.2146,0.0,-0.0287,0.0,0.0,0.0,0.0,0.0,0.0,3.2132,1.6066,50.0,0.0,0.0,0.7391,1.0,0.9857,1,0,0,1,1,0,0,0,0,1,0
CD003333,66.67,0.0,0.0,0.0489588979042862,0.0,0,1,0.0,0,0,0,0,0,69.1,66.67,,2.2,10.0,0.19051833254028183,0,0,4.0,4727.0,,,,,,,,,,,,,,,,,,,,,,,,,0.9167,1.0,0.7325,1,0,0,1,0,0,1,0,0,1,0
CD003357,44.84,0.4484126984126984,0.0,0.4148402087360449,0.0164,6,3,0.4,1,1,1,0,0,48.4,44.84,0.0,3.04,15.0,0.08125259355615233,0,0,8.0,1542.0,5.0,18.75,2.0,71.4,7.0,100.0,1.0,1.0,0.0,1.0,0.5466,0.0,0.4286,0.0,0.0,0.0,0.272,0.0,0.0,0.8299,0.447,100.0,0.0,1.0,0.6275,0.9608,0.9962,1,0,0,1,1,0,0,0,0,1,1
CD003376,91.67,0.0,0.0,0.211986567908045,0.0,5,5,0.5555555555555556,1,0,0,0,0,77.1,91.67,0.0,1.1,0.0,0.12753527576540416,0,0,15.0,8073.0,,0.0,0.0,,5.0,0.0,0.0,0.0,1.0,0.0,0.6347,0.0,0.1287,0.0,0.0,0.0,0.0495,0.0,0.0,0.8975,0.4488,100.0,0.0,1.0,1.0,1.0,0.9929,1,0,0,1,0,0,1,0,0,0,0
CD003414,61.06,0.0,0.0,0.235070999346187,0.003,3,10,0.2857142857142857,1,0,0,0,0,59.1,61.06,0.0,1.09,15.0,0.08840388486414168,0,0,14.0,4468.0,,0.0,0.0,,18.0,0.0,0.0,0.0,1.0,0.0,0.3558,0.0,-0.2333,0.0,0.0,0.0,0.0824,0.0,0.0,3.0058,1.5029,50.0,0.0,0.0,0.7391,1.0,0.9981,1,0,0,1,1,0,0,0,0,1,1
CD003429,65.08,0.0634920634920634,0.0476190476190476,0.7113623271560051,0.0,0,9,0.0,0,0,0,0,0,57.8,65.08,1.0,1.42,0.0,0.1213066705209056,0,0,3.0,126.0,,0.0,0.0,,4.0,0.0,0.0,0.0,1.0,0.0,0.0062,1.0,0.6,0.0,0.0,0.0,0.0,2.0,1.0,2.7389,1.1202,50.0,1.0,0.0,0.6471,1.0,0.9743,1,0,0,1,1,0,0,0,0,1,1
CD003477,69.44,0.0,0.0,0.1773185111922035,0.0,1,7,0.14285714285714285,1,0,0,0,0,64.3,69.44,0.0,2.42,0.0,0.09114988113089982,0,0,20.0,1171.0,,0.0,0.0,,8.0,0.0,0.0,0.0,1.0,0.0,0.6417,0.0,-0.2364,0.0,0.0,0.0,0.0,0.0,0.0,5.0173,2.5086,50.0,0.0,0.0,0.7391,1.0,0.9997,1,0,0,1,1,0,0,0,0,1,0
CD003511,92.95,0.0335097001763668,0.0,0.0880982676351513,0.0011,0,13,0.0,0,0,0,0,0,76.0,92.95,0.0,1.25,10.0,0.161555272874725,0,0,8.0,1276.0,,0.0,0.0,,52.0,0.0,0.0,0.0,1.0,0.0,0.4746,0.0,0.3571,0.0,0.0,0.0,0.0724,1.0,0.0,0.7978,0.4343,100.0,0.0,1.0,1.0,1.0,0.8091,1,0,0,1,0,0,1,0,0,0,0
CD003519,52.08,0.5208333333333334,0.0,0.1272795501202336,0.0598,32,28,0.88,1,1,1,1,0,38.0,52.08,2.0,2.51,35.0,0.07915823969192687,0,0,16.0,8181.0,11.0,8.33,1.0,73.3,39.0,100.0,1.0,0.0,0.0,1.0,0.0881,1.0,0.555,1.0,0.0,0.0,0.2056,4.0,2.0,0.7495,0.4445,100.0,1.0,0.0,0.6957,0.913,0.9789,1,1,0,0,1,0,0,0,0,1,1
CD003594,87.17,0.1283068783068783,0.0,0.2413368887488848,0.1512,5,13,0.5714285714285714,0,1,1,1,0,85.5,87.17,0.0,2.69,0.0,0.06898990845622127,0,0,25.0,2699.0,,15.62,2.0,,1.0,25.0,0.0,0.0,1.0,0.0,0.8997,0.0,0.2056,0.0,0.0,0.0,0.1344,1.0,0.0,0.3134,0.1921,100.0,0.0,0.0,0.942,0.971,0.9936,1,0,0,1,0,1,0,0,0,0,0
CD003598,79.29,0.7929292929292929,0.0,0.0109010916845274,0.0,7,31,0.16666666666666666,1,1,0,1,0,89.8,79.29,0.0,1.07,20.0,0.09465971828272914,0,0,53.0,9101.0,20.0,5.56,1.0,95.2,22.0,100.0,1.0,0.0,0.0,1.0,0.815,0.0,-0.0143,0.0,0.0,0.0,0.0,1.0,0.0,0.0665,0.0238,100.0,0.0,0.0,0.913,0.1739,0.2404,1,0,0,1,1,0,0,0,0,0,0
CD003743,84.13,0.8412698412698413,0.0,0.0606781000946299,0.0,0,17,0.0,0,0,0,0,0,94.4,84.13,0.0,1.42,0.0,0.16941266293342483,0,0,1.0,88.0,4.0,16.67,1.0,66.7,0.0,100.0,1.0,1.0,0.0,1.0,0.7178,0.0,-0.0741,0.0,0.0,0.0,0.1113,0.0,0.0,0.0924,0.0417,100.0,0.0,0.0,1.0,0.0,1.0,1,0,0,1,1,0,0,0,0,0,0
CD003774,100.0,1.0,0.0,0.0889044556007827,0.0,13,24,0.5555555555555556,1,1,1,1,0,88.5,100.0,2.0,1.03,10.0,,0,0,38.0,19473.0,4.0,1.28,1.0,9.5,13.0,100.0,1.0,1.0,0.0,1.0,0.0472,1.0,-0.2789,1.0,1.0,0.0,0.3189,6.0,2.0,0.3644,0.136,100.0,0.0,1.0,1.0,0.087,0.9693,1,0,0,1,0,1,0,0,0,0,0
CD003833,93.33,0.0,0.0,2.773390031250905,0.0,0,5,0.0,0,0,0,0,0,83.6,93.33,,2.2,0.0,0.11619527672896392,0,0,3.0,311.0,,,,,,,,,,,,,,,,,,,,,,,,,0.8333,0.8611,0.9999,1,0,0,1,1,0,0,0,0,0,0
CD003962,85.71,0.1428571428571428,0.0,0.1309382610538712,0.0,10,23,0.36363636363636365,1,1,1,0,0,63.5,85.71,1.0,1.42,10.0,0.1013182123666054,0,0,13.0,1057.0,,0.0,0.0,,16.0,0.0,0.0,0.0,1.0,0.0,0.0531,1.0,0.414,0.0,0.0,0.0,0.0,2.0,1.0,1.7511,0.6133,100.0,1.0,0.0,0.6471,0.7059,0.6509,1,0,0,1,1,0,0,0,0,0,0
CD004184,76.19,0.0,0.0,0.0928827364035388,0.0047,5,10,0.5,1,0,0,0,0,62.2,76.19,0.0,2.2,30.0,0.1128300324841367,0,0,1.0,1470.0,,0.0,0.0,,13.0,0.0,0.0,0.0,1.0,0.0,0.5339,0.0,0.0476,0.0,0.0,0.0,0.1129,0.0,0.0,1.0263,0.5131,50.0,0.0,0.0,0.6471,1.0,0.5856,1,0,0,1,1,0,0,0,0,0,0
CD004307,100.0,1.0,0.0,0.0064220799497525,0.0,3,4,1.0,1,0,1,0,0,94.8,100.0,0.0,2.93,35.0,0.11891404482163316,0,0,52.0,22245.0,9.0,2.56,2.0,21.4,22.0,100.0,1.0,0.0,0.0,1.0,0.9525,0.0,0.0046,0.0,1.0,0.0,0.2001,0.0,0.0,0.1114,0.0311,100.0,0.0,0.0,1.0,0.3478,0.4267,0,0,0,1,0,1,0,0,0,0,0
CD004376,100.0,0.0,0.0,0.06458143027969,0.0,12,5,0.8333333333333334,1,1,1,1,0,68.5,100.0,1.0,1.01,10.0,0.09506237894801794,0,0,133.0,22625.0,,0.0,0.0,,26.0,0.0,0.0,0.0,1.0,0.0,0.3311,0.0,0.1431,1.0,0.0,0.0,0.0113,5.0,1.0,2.7251,1.4719,100.0,1.0,0.0,1.0,1.0,0.9934,1,0,1,0,0,1,0,0,0,0,0
CD004406,85.71,0.1428571428571428,0.0,0.1313480064405332,0.0,4,13,0.4444444444444444,0,1,1,1,0,65.0,85.71,2.0,1.42,0.0,0.10131821236660542,0,0,17.0,5615.0,,0.0,0.0,,11.0,0.0,0.0,0.0,1.0,0.0,0.0686,1.0,-0.8667,1.0,0.0,0.0,0.0,1.0,2.0,2.8156,1.0199,100.0,1.0,0.0,0.6471,0.6471,1.0,1,0,0,1,1,0,0,0,0,0,0
CD004417,96.3,0.9629629629629628,0.0,0.6272113060658042,0.0,5,11,0.6666666666666666,1,1,1,0,0,84.2,96.3,2.0,4.05,30.0,0.11360099127845122,0,0,10.0,14276.0,3.0,0.89,1.0,17.6,20.0,100.0,1.0,1.0,0.0,1.0,0.0247,1.0,-0.5573,1.0,1.0,0.0,1.0,2.0,2.0,0.5156,0.1921,100.0,0.0,1.0,1.0,0.0,0.9271,1,0,0,1,0,0,1,0,0,0,0
CD004508,51.7,0.0090702947845804,0.0090702947845804,0.3386017339042124,0.0582,3,15,0.125,0,1,0,1,0,55.8,51.7,0.0,3.07,15.0,0.12965685780371855,0,0,4.0,418.0,,0.0,0.0,,14.0,0.0,0.0,0.0,1.0,0.0,0.4926,0.0,-0.3333,0.0,0.0,0.0,0.138,0.0,0.0,7.1102,3.9804,25.0,0.0,0.0,0.6471,1.0,0.9973,1,0,0,1,0,0,1,0,0,1,1
CD004661,87.55,0.0,0.0,0.0116520874202652,0.0007,32,26,0.6153846153846154,1,1,1,1,1,84.1,87.55,0.0,1.14,10.0,0.11619527672896392,0,0,6.0,56601.0,,0.0,0.0,,20.0,0.0,0.0,0.0,1.0,0.0,0.9411,0.0,0.129,0.0,0.0,0.0,0.0,0.0,0.0,0.1669,0.0834,100.0,0.0,0.0,1.0,1.0,0.9705,1,0,0,1,0,0,1,0,0,0,0
CD004667,34.08,0.3408029878618114,0.0,0.0425697878094287,0.2214,20,30,0.5,1,1,1,1,0,43.2,34.08,0.0,2.37,25.0,0.07579299544709965,0,0,15.0,71456.0,15.0,5.77,1.0,93.8,26.0,75.0,1.0,0.0,0.0,0.0,0.6267,0.0,-0.1833,0.0,0.0,0.0,0.1397,0.0,0.0,0.436,0.218,100.0,0.0,1.0,0.5072,0.9275,0.9892,1,0,0,1,1,0,0,0,0,1,1
CD004703,86.67,0.0666666666666666,0.0,2.0623129195507586,0.0,2,4,0.4,1,0,0,0,0,80.4,86.67,,2.2,0.0,0.14395944041969724,0,0,20.0,3769.0,,,,,,,,,,,,,,,,,,,,,,,,,1.0,1.0,1.0,1,0,0,1,1,0,0,0,0,0,0
CD004736,66.24,0.6624338624338625,0.0,1.1055829984315806,0.0002,102,56,0.5569620253164557,1,1,1,1,0,38.4,66.24,2.0,3.26,65.0,0.11619527672896392,1,2,17.0,31438.0,3.0,0.0,0.0,21.4,46.0,100.0,1.0,1.0,0.0,1.0,0.0011,1.0,-0.6923,1.0,1.0,0.0,0.6589,3.0,2.0,0.9648,0.5147,100.0,1.0,0.0,0.6522,0.9275,0.9021,1,0,0,1,1,0,0,0,1,1,1
CD004762,26.98,0.2698412698412698,0.0,0.4984484082591297,0.1785,0,1,0.0,0,0,0,0,0,23.2,26.98,2.0,3.17,75.0,0.1424395683018516,0,0,5.0,349.0,5.0,6.25,1.0,100.0,6.0,75.0,1.0,1.0,0.0,0.0,0.0038,1.0,-1.0,1.0,1.0,0.0,0.8726,1.0,2.0,0.9336,0.4866,100.0,1.0,0.0,0.7451,0.9608,0.7315,1,0,0,1,0,1,0,0,0,1,1
CD004871,26.46,0.4312169312169312,0.1666666666666666,0.6520926300196237,0.0452,4,8,0.21428571428571427,1,1,1,0,0,32.0,26.46,2.0,3.34,15.0,0.1553266676302264,0,0,26.0,1497.0,5.0,37.5,2.0,100.0,0.0,87.5,1.0,1.0,0.0,0.0,0.0001,1.0,-1.0,1.0,0.0,0.0,0.3693,0.0,2.0,3.1362,1.1522,50.0,1.0,0.0,0.3333,0.9216,0.9948,1,0,0,1,0,0,0,1,0,1,1
CD004904,64.76,0.0666666666666666,0.0,0.3327569407813844,0.0095,0,3,0.0,0,0,0,0,0,70.2,64.76,,2.2,0.0,0.14515833639452083,0,0,4.0,974.0,,,,,,,,,,,,,,,,,,,,,,,,,0.9167,1.0,0.9943,1,0,0,1,0,0,1,0,0,1,0
CD004925,66.67,0.6666666666666666,0.0,0.6228617028889376,0.0,8,4,0.8571428571428571,1,1,1,0,0,68.3,66.67,1.0,1.04,0.0,,0,0,11.0,5394.0,4.0,1.79,1.0,12.9,27.0,100.0,1.0,1.0,0.0,1.0,0.033,1.0,-0.0396,0.0,0.0,0.0,0.1333,6.0,1.0,0.6153,0.3451,100.0,1.0,0.0,0.7391,0.4783,0.9861,1,0,0,1,1,0,0,0,0,1,0
CD004953,18.25,0.0,0.0,0.137430186957839,0.0146,0,15,0.0,0,0,0,0,0,58.4,18.25,0.0,2.3,20.0,0.06548007130439196,0,0,8.0,698.0,,0.0,0.0,,6.0,0.0,0.0,0.0,1.0,0.0,0.4322,0.0,0.2727,0.0,0.0,0.0,0.0,2.0,0.0,0.1811,0.0969,25.0,0.0,0.0,0.8696,1.0,0.9878,1,0,0,1,0,0,1,0,0,1,1
CD004992,65.4,0.653968253968254,0.0,1.1123682370672805,0.0043,1,11,0.1111111111111111,0,1,0,0,0,83.9,65.4,,2.57,0.0,0.09465971828272916,0,0,2.0,271.0,,,,,,,,,,,,,,,,,,,,,,,,,0.5,0.6667,0.9993,1,0,0,1,1,0,0,0,0,1,0
CD005133,10.99,0.1099206349206349,0.0,0.0847153769520145,0.0003,7,17,0.3,1,1,1,1,0,35.8,10.99,0.0,1.94,20.0,0.0967540721469546,0,0,20.0,1699.0,,18.75,9.0,,29.0,50.0,0.0,0.0,0.0,0.0,0.1071,0.0,-0.1464,0.0,0.0,0.0,0.0467,4.0,0.0,0.9121,0.4694,100.0,0.0,1.0,0.9275,0.9855,0.9217,1,0,0,1,1,0,0,0,0,1,1
CD005187,66.67,0.6666666666666666,0.0,0.0749669125154441,0.0,0,4,0.0,0,0,0,0,0,78.3,66.67,0.0,2.23,0.0,0.09799512385740713,0,0,2.0,1245.0,3.0,0.0,0.0,60.0,9.0,100.0,1.0,1.0,0.0,1.0,0.637,0.0,-0.6,0.0,1.0,0.0,0.6714,1.0,0.0,0.3442,0.1802,100.0,0.0,1.0,0.6471,0.4706,0.9995,1,0,0,1,1,0,0,0,0,1,0
CD005343,66.67,0.6666666666666666,0.0,0.4865289756599662,0.0,10,10,0.5333333333333333,1,1,1,0,0,38.6,66.67,1.0,3.19,65.0,0.08125259355615232,0,0,4.0,1692.0,7.0,5.36,4.0,22.6,6.0,100.0,1.0,0.0,0.0,1.0,0.0114,1.0,-0.0496,0.0,0.0,0.0,0.219,0.0,1.0,0.8384,0.4192,100.0,1.0,0.0,0.5217,0.9565,0.8919,1,0,0,1,1,0,0,0,0,1,1
CD005495,64.29,0.0333333333333333,0.0333333333333333,0.5537123299180605,0.001,5,7,0.375,1,0,0,0,0,57.5,64.29,1.0,1.21,0.0,0.13890250297593335,0,0,25.0,13337.0,,0.0,0.0,,17.0,0.0,0.0,0.0,1.0,0.0,0.2816,0.0,-0.6667,1.0,0.0,0.0,0.0,2.0,1.0,5.1297,2.7268,50.0,1.0,0.0,0.6471,1.0,0.9996,1,0,0,1,1,0,0,0,0,1,1
CD005566,90.42,0.9042145593869731,0.0,0.0025163466373343,0.2603,13,9,1.0,1,1,1,1,0,93.6,90.42,0.0,1.05,20.0,0.11619527672896392,1,3,38.0,86520.0,21.0,5.0,2.0,75.0,23.0,75.0,1.0,0.0,0.0,0.0,0.5722,0.0,-0.1539,0.0,0.0,0.0,0.0357,1.0,0.0,0.0907,0.0272,100.0,0.0,0.0,0.8261,0.3478,0.4237,0,0,0,1,0,0,1,0,1,0,0
CD005582,100.0,0.0,0.0,0.7213494851249354,0.0,0,2,0.0,0,0,0,0,0,86.7,100.0,,2.2,0.0,0.17020373199258493,0,0,2.0,114.0,,,,,,,,,,,,,,,,,,,,,,,,,1.0,1.0,0.9998,1,0,0,1,0,1,0,0,0,0,0
CD005595,100.0,0.0,0.0,0.1023202670954891,0.0,7,10,0.46153846153846156,1,0,1,0,0,78.5,100.0,0.0,1.04,10.0,0.08843111303823059,0,0,21.0,2328.0,,0.0,0.0,,34.0,0.0,0.0,0.0,1.0,0.0,0.5945,0.0,0.0615,0.0,0.0,0.0,0.0186,0.0,0.0,0.5219,0.261,100.0,0.0,1.0,1.0,1.0,0.9696,1,0,0,1,0,1,0,0,0,0,0
CD005951,79.96,0.0753968253968253,0.0,0.2103894401656858,0.0024,1,17,0.09090909090909091,0,0,0,1,0,69.2,79.96,0.0,2.29,25.0,0.0878066988097868,0,0,14.0,4364.0,,12.5,1.0,,13.0,0.0,0.0,0.0,1.0,0.0,0.4634,0.0,-0.0476,0.0,0.0,0.0,0.1817,0.0,0.0,0.908,0.454,100.0,0.0,1.0,1.0,1.0,0.962,1,0,0,1,0,0,1,0,0,0,0
CD006023,71.93,0.7192982456140351,0.0,0.5387805278901798,0.0,13,24,0.32142857142857145,1,1,1,0,0,68.7,71.93,1.0,3.06,10.0,0.0770638858277014,0,0,73.0,25154.0,3.0,1.67,1.0,16.7,10.0,100.0,1.0,1.0,0.0,1.0,0.1216,0.0,-0.2941,1.0,1.0,0.0,0.3598,0.0,1.0,0.4854,0.2427,100.0,1.0,0.0,0.8261,0.4203,0.9834,1,0,0,1,1,0,0,0,0,0,0
CD006027,36.19,0.3619047619047619,0.0,1.1351749430562172,0.0438,4,6,0.5,1,1,0,0,0,40.6,36.19,,4.15,15.0,0.05610280912784646,0,0,24.0,3162.0,,,,,,,,,,,,,,,,,,,,,,,,,0.5,0.9167,0.9854,1,0,0,1,1,0,0,0,0,1,1
CD006124,76.19,0.0680272108843537,0.0,1.3842028717993369,0.0,3,5,0.2857142857142857,1,1,0,1,0,62.7,76.19,0.0,3.35,60.0,0.09019996689332013,0,0,8.0,1412.0,,0.0,0.0,,12.0,0.0,0.0,0.0,1.0,0.0,0.1566,0.0,-0.6,0.0,1.0,0.0,0.4036,0.0,0.0,83.7308,44.4793,100.0,0.0,1.0,1.0,1.0,0.9968,1,0,0,1,0,0,1,0,0,0,0
CD006140,39.68,0.3968253968253968,0.0,0.2306877991673998,0.0206,14,20,0.47619047619047616,1,1,1,1,0,29.9,39.68,1.0,2.93,60.0,0.1501880456641958,1,1,10.0,1627.0,5.0,15.0,3.0,62.5,0.0,100.0,1.0,1.0,0.0,1.0,0.0545,1.0,-0.4286,0.0,1.0,0.0,0.5673,0.0,1.0,0.987,0.4935,100.0,1.0,0.0,0.5882,0.9608,0.862,1,0,0,1,1,0,0,0,1,1,1
CD006182,60.32,0.6031746031746031,0.0,0.2234962071909458,0.0091,5,10,0.3333333333333333,1,1,1,0,0,81.5,60.32,,2.2,0.0,,0,0,3.0,3326.0,,,,,,,,,,,,,,,,,,,,,,,,,0.6667,0.4444,0.9852,1,0,0,1,1,0,0,0,0,1,0
CD006185,70.46,0.7046413502109705,0.0,0.1300332150917502,0.0,4,10,0.5,1,0,0,0,0,69.7,70.46,1.0,4.65,0.0,0.08571234494556135,0,0,51.0,16546.0,17.0,1.33,2.0,21.8,22.0,100.0,1.0,0.0,0.0,1.0,0.4735,0.0,0.1988,1.0,1.0,0.0,0.1115,0.0,1.0,0.2414,0.1207,100.0,0.0,0.0,0.7391,0.913,0.9973,1,0,0,1,1,0,0,0,0,0,0
CD006257,89.05,0.0238095238095238,0.0,0.0633397599999535,0.0056,15,16,0.6470588235294118,1,1,1,1,0,73.2,89.05,0.0,1.93,20.0,0.1365098772766609,0,0,67.0,29667.0,,16.67,2.0,,4.0,0.0,0.0,0.0,1.0,0.0,0.9925,0.0,0.2571,0.0,0.0,0.0,0.0,1.0,0.0,0.6045,0.3905,100.0,0.0,1.0,1.0,1.0,0.7656,1,0,0,1,0,0,1,0,0,0,0
CD006404,65.05,0.3494872875403849,0.0,0.0195686518825587,0.0852,11,18,0.42105263157894735,1,1,1,1,0,50.3,65.05,1.0,4.8,50.0,0.06898990845622129,0,0,16.0,9566.0,,1.15,0.0,,22.0,0.0,0.0,0.0,1.0,0.0,0.0897,1.0,0.0572,0.0,1.0,0.0,0.0669,8.0,1.0,2.7567,1.1088,100.0,1.0,0.0,0.7101,0.971,0.7332,1,1,0,0,1,0,0,0,0,1,1
CD006475,60.09,0.6009070294784581,0.0,0.0886457526708858,0.0037,13,28,0.5454545454545454,1,0,1,1,0,48.5,60.09,0.0,2.98,50.0,0.0770638858277014,0,0,10.0,3858.0,16.0,9.38,7.0,59.3,14.0,100.0,1.0,0.0,0.0,1.0,0.3371,0.0,-0.1567,0.0,0.0,0.0,0.1073,0.0,0.0,0.7401,0.37,100.0,0.0,1.0,0.5217,0.942,0.9743,1,0,0,1,1,0,0,0,0,1,1
CD006515,72.22,0.0555555555555555,0.0555555555555555,0.6529679953637266,0.0,1,12,0.08333333333333333,0,1,0,0,0,65.3,72.22,0.0,1.62,0.0,0.1506179345035735,0,0,2.0,107.0,,0.0,0.0,,5.0,0.0,0.0,0.0,1.0,0.0,0.5179,0.0,-0.1111,0.0,0.0,0.0,0.0,1.0,0.0,2.8516,1.5092,50.0,0.0,0.0,0.6471,1.0,0.9994,1,0,0,1,1,0,0,0,0,0,0
CD006536,98.48,0.0151515151515151,0.0,0.2775536938240045,0.0,10,21,0.3333333333333333,1,0,0,0,0,79.5,98.48,0.0,1.03,0.0,0.0782355536284361,0,0,35.0,23275.0,,0.0,0.0,,16.0,0.0,0.0,0.0,1.0,0.0,0.3092,0.0,0.1029,0.0,0.0,0.0,0.0127,3.0,0.0,1.9046,1.0491,100.0,0.0,1.0,1.0,1.0,0.9981,1,0,0,1,0,0,1,0,0,0,0
CD006606,64.44,0.0888888888888888,0.0,1.096654435439665,0.016,6,16,0.42857142857142855,0,1,0,0,0,62.1,64.44,,4.39,40.0,0.12451823583768792,0,0,2.0,739.0,,,,,,,,,,,,,,,,,,,,,,,,,0.6944,0.9444,0.9348,1,0,0,1,1,0,0,0,0,1,0
CD006632,76.39,0.7638888888888888,0.0,0.5932552582087683,0.0,2,7,0.16666666666666666,1,0,0,0,0,40.5,76.39,1.0,3.29,75.0,0.06428117532956837,0,0,11.0,12110.0,6.0,5.0,3.0,26.1,19.0,100.0,1.0,0.0,0.0,1.0,0.074,1.0,-0.0988,0.0,1.0,0.0,0.446,0.0,1.0,0.5888,0.2944,100.0,1.0,0.0,0.8116,0.913,0.9026,1,0,0,1,1,0,0,0,0,0,1
CD006689,16.14,0.1613756613756613,0.0,0.4030295847144469,0.0208,14,27,0.5,1,1,1,1,1,40.6,16.14,0.0,1.62,0.0,0.1553266676302264,0,0,12.0,6335.0,,25.0,1.0,,7.0,50.0,0.0,0.0,0.0,0.0,0.2752,0.0,0.4,0.0,0.0,0.0,0.1046,1.0,0.0,1.3725,0.7238,100.0,0.0,1.0,0.7059,0.7255,0.9995,1,0,0,1,0,0,0,1,0,1,1
CD006712,72.22,0.0277777777777777,0.0,0.2356167535549306,0.0,4,3,0.75,1,0,0,0,1,73.7,72.22,,6.48,0.0,0.0782355536284361,0,0,12.0,1881.0,,,,,,,,,,,,,,,,,,,,,,,,,0.8333,0.8611,0.9997,1,0,0,1,0,0,1,0,0,0,0
CD006714,66.67,0.0,0.0,0.0011080478134595,0.0,0,19,0.0,0,0,0,0,0,67.1,66.67,,6.48,20.0,0.11113833928520005,0,0,3.0,269.0,,,,,,,,,,,,,,,,,,,,,,,,,0.5,0.8611,0.9966,1,0,0,1,0,0,1,0,0,1,0
CD006742,86.67,0.0,0.0,0.2647500430595303,0.0,0,4,0.0,0,0,0,0,0,78.4,86.67,,2.2,10.0,0.1059997173191694,0,0,5.0,9124.0,,,,,,,,,,,,,,,,,,,,,,,,,0.8333,0.8889,0.9511,1,0,0,1,0,0,1,0,0,0,0
CD006839,100.0,0.0,0.0,0.0227862773899096,0.0,0,3,0.0,0,0,0,0,0,86.7,100.0,,6.48,0.0,0.14044960326786793,0,0,7.0,498.0,,,,,,,,,,,,,,,,,,,,,,,,,1.0,1.0,1.0,1,0,0,1,0,1,0,0,0,0,0
CD006913,30.85,0.3084656084656084,0.0,0.1338041305205248,0.2071,11,38,0.3333333333333333,1,0,1,1,0,30.5,30.85,2.0,3.99,35.0,0.0878066988097868,0,0,33.0,7122.0,,6.25,3.0,,15.0,62.5,0.0,0.0,0.0,0.0,0.0129,1.0,-0.2886,1.0,1.0,0.0,0.1363,2.0,2.0,1.5323,0.8024,50.0,1.0,0.0,0.4203,1.0,0.9064,1,0,0,1,1,0,0,0,0,1,1
CD006919,62.38,0.6238095238095238,0.0,0.4067597238228101,0.0001,2,15,0.16666666666666666,0,0,1,1,0,51.8,62.38,0.0,2.58,0.0,0.0967540721469546,0,0,14.0,1744.0,16.0,10.94,4.0,84.2,26.0,100.0,1.0,0.0,0.0,1.0,0.3323,0.0,0.2047,0.0,0.0,0.0,0.0864,0.0,0.0,1.1322,0.5661,50.0,0.0,0.0,0.7246,0.9275,0.9976,1,0,0,1,1,0,0,0,0,1,1
CD006942,27.62,0.1333333333333333,0.1333333333333333,1.2687220513486528,0.0408,0,7,0.0,0,0,0,0,0,49.9,27.62,,4.19,15.0,0.11372549037353857,0,0,15.0,3875.0,,,,,,,,,,,,,,,,,,,,,,,,,0.4167,0.9722,0.9955,1,0,0,1,0,0,1,0,0,1,1
CD006982,69.52,0.0,0.0,0.3348743670813435,0.0171,0,5,0.0,0,0,0,0,0,72.4,69.52,,3.6,0.0,0.10692240338266018,0,0,7.0,833.0,,,,,,,,,,,,,,,,,,,,,,,,,1.0,1.0,0.9962,1,0,0,1,0,0,1,0,0,1,0
CD007024,91.23,0.0701754385964912,0.0,0.0320616737594994,0.0,3,14,0.2727272727272727,1,0,0,0,0,73.9,91.23,0.0,1.08,20.0,0.11268543957713459,0,0,15.0,1582.0,,0.0,0.0,,9.0,0.0,0.0,0.0,1.0,0.0,0.703,0.0,0.2459,0.0,0.0,0.0,0.0293,2.0,0.0,0.3521,0.1838,100.0,0.0,1.0,1.0,1.0,0.9943,1,0,0,1,0,0,1,0,0,0,0
CD007026,87.5,0.0416666666666666,0.0,0.1036953167972567,0.0,2,8,0.3333333333333333,1,0,0,0,0,74.1,87.5,0.0,1.31,10.0,0.1361837348832641,0,0,6.0,3378.0,,0.0,0.0,,2.0,0.0,0.0,0.0,1.0,0.0,0.2644,0.0,0.4286,0.0,0.0,0.0,0.0,1.0,0.0,3.117,1.6514,100.0,0.0,1.0,1.0,1.0,0.994,1,0,0,1,0,0,1,0,0,0,0
CD007079,7.65,0.0764790764790764,0.0,0.314044251635781,0.0078,9,14,0.23529411764705882,1,0,1,0,0,22.4,7.65,2.0,2.54,35.0,0.08125259355615233,0,0,12.0,38423.0,,5.36,0.0,,15.0,37.5,0.0,0.0,1.0,0.0,0.0159,1.0,-0.7333,1.0,0.0,0.0,0.1916,3.0,2.0,1.3886,0.761,50.0,1.0,0.0,0.6812,1.0,0.8972,1,0,0,1,0,0,1,0,0,1,1
CD007130,58.32,0.1205173427395649,0.0,0.0440040395890483,0.0189,1,10,0.09090909090909091,1,0,0,0,0,55.9,58.32,0.0,3.23,30.0,0.12451823583768792,0,0,12.0,1647.0,,4.35,2.0,,116.0,0.0,0.0,0.0,1.0,0.0,0.2309,0.0,-0.1051,0.0,1.0,0.0,0.1029,2.0,0.0,1.0896,0.6311,50.0,0.0,0.0,0.7391,1.0,0.9406,1,0,0,1,1,0,0,0,0,1,1
CD007156,36.11,0.3611111111111111,0.0,0.218671539675609,0.0,2,8,0.3333333333333333,1,0,0,0,0,43.5,36.11,,6.48,0.0,0.09977111207467085,0,0,23.0,2870.0,,,,,,,,,,,,,,,,,,,,,,,,,0.8333,0.8611,0.9989,1,0,0,1,0,0,0,1,0,1,1
CD007310,95.83,0.0,0.0,0.0995262396305541,0.0,18,22,0.625,1,1,1,1,0,88.5,95.83,0.0,1.31,0.0,0.1424395683018516,1,1,12.0,1925.0,,0.0,0.0,,1.0,0.0,0.0,0.0,1.0,0.0,0.9797,0.0,-0.2632,0.0,0.0,0.0,0.0,0.0,0.0,0.0484,0.0242,100.0,0.0,0.0,1.0,1.0,1.0,1,0,0,1,1,0,0,0,1,0,0
CD007374,95.24,0.0476190476190476,0.0,0.1691980226814591,0.0,7,13,0.22727272727272727,1,1,1,0,1,78.3,95.24,0.0,1.42,0.0,0.14044960326786793,0,0,5.0,943.0,,0.0,0.0,,8.0,0.0,0.0,0.0,1.0,0.0,0.5967,0.0,0.2857,0.0,0.0,0.0,0.0,0.0,0.0,2.471,1.2355,100.0,0.0,1.0,1.0,1.0,0.9999,1,0,0,1,0,0,1,0,0,0,0
CD007491,83.95,0.0282186948853615,0.0,0.2244980546682209,0.0039,0,2,0.0,0,0,0,0,0,71.4,83.95,0.0,2.45,20.0,0.12179946774501868,0,0,3.0,420.0,,0.0,0.0,,21.0,0.0,0.0,0.0,1.0,0.0,0.4626,0.0,0.2143,0.0,0.0,0.0,0.0893,1.0,0.0,4.4252,2.4855,100.0,0.0,1.0,1.0,1.0,0.9648,1,0,0,1,0,0,1,0,0,0,0
CD007569,79.37,0.1111111111111111,0.0,0.0796145616241849,0.0,0,3,0.0,0,0,0,0,0,71.3,79.37,0.0,1.9,10.0,0.08843111303823056,0,0,15.0,1477.0,,0.0,0.0,,7.0,0.0,0.0,0.0,1.0,0.0,0.6291,0.0,-0.4667,0.0,0.0,0.0,0.0,0.0,0.0,0.8647,0.4323,100.0,0.0,1.0,1.0,1.0,0.9527,1,0,0,1,0,0,1,0,0,0,0
CD007572,66.67,0.6666666666666666,0.0,0.1651177090722512,0.0,4,14,0.2727272727272727,0,1,1,0,0,46.1,66.67,2.0,3.04,15.0,0.09052546690245604,0,0,8.0,2720.0,5.0,14.29,1.0,50.0,11.0,100.0,1.0,1.0,0.0,1.0,0.0862,1.0,-0.4667,1.0,1.0,0.0,0.5431,0.0,2.0,0.9922,0.4961,100.0,1.0,0.0,0.7246,0.9275,0.9856,1,0,0,1,1,0,0,0,0,1,1
CD007639,34.92,0.0105820105820105,0.0105820105820105,0.5698366211943027,0.0998,11,11,0.5333333333333333,1,1,0,0,1,47.7,34.92,0.0,3.3,30.0,0.11358089746653646,0,0,18.0,992.0,,0.0,0.0,,7.0,0.0,0.0,0.0,1.0,0.0,0.3556,0.0,-0.6,0.0,0.0,0.0,0.2437,0.0,0.0,20.9112,11.2372,25.0,0.0,0.0,0.5882,1.0,0.9932,1,0,0,1,0,0,1,0,0,1,1
CD007674,55.17,0.5517241379310345,0.0,0.6152874881407977,0.0074,10,12,0.625,1,1,1,0,0,32.3,55.17,3.0,4.61,80.0,0.1275625039394931,0,0,20.0,3295.0,21.0,12.0,7.0,75.0,15.0,100.0,1.0,0.0,0.0,1.0,0.0179,1.0,0.418,1.0,1.0,0.0,0.4002,0.0,3.0,1.5796,0.8814,50.0,1.0,0.0,0.4783,0.9565,0.9807,1,0,0,1,1,0,0,0,0,1,1
CD007784,100.0,1.0,0.0,0.0775425783184441,0.0,20,56,0.3114754098360656,1,1,1,1,0,82.5,100.0,1.0,2.39,50.0,0.13712651475866963,0,0,16.0,39382.0,3.0,0.0,0.0,23.1,14.0,100.0,1.0,1.0,0.0,1.0,0.0103,1.0,-0.3077,0.0,1.0,0.0,0.7236,2.0,1.0,0.397,0.1579,100.0,0.0,1.0,1.0,0.1739,0.6787,1,0,0,1,0,1,0,0,0,0,0
CD007809,91.67,0.0,0.0,0.1998648092942044,0.0,1,23,0.047619047619047616,1,0,0,0,0,82.8,91.67,,6.48,0.0,0.09977111207467085,0,0,6.0,1136.0,,,,,,,,,,,,,,,,,,,,,,,,,0.5,1.0,1.0,1,0,0,1,0,0,1,0,0,0,0
CD007859,91.67,0.0,0.0,0.1909657463518691,0.0,5,6,0.5714285714285714,1,0,0,0,1,82.8,91.67,,10.13,0.0,0.0931398461648835,0,0,16.0,2558.0,,,,,,,,,,,,,,,,,,,,,,,,,0.5,1.0,0.9996,1,0,0,1,0,0,1,0,0,0,0
CD007872,91.67,0.0,0.0,0.078831867199591,0.0,4,39,0.21052631578947367,0,1,0,0,0,82.8,91.67,,8.77,0.0,0.1424395683018516,0,0,2.0,18897.0,,,,,,,,,,,,,,,,,,,,,,,,,0.5,0.8889,0.9914,1,0,0,1,0,0,1,0,0,0,0
CD007895,75.0,0.0,0.0,0.4628924987678759,0.0,0,3,0.0,0,0,0,0,0,75.0,75.0,,6.48,0.0,0.10447984520132375,0,0,4.0,784.0,,,,,,,,,,,,,,,,,,,,,,,,,1.0,1.0,1.0,1,0,0,1,0,0,1,0,0,0,0
CD007896,67.59,0.6759259259259259,0.0,0.3783106914857779,0.0,4,4,1.0,1,0,0,0,0,68.7,67.59,1.0,1.04,0.0,,0,0,56.0,77931.0,6.0,3.12,2.0,17.1,16.0,100.0,1.0,0.0,0.0,1.0,0.0986,1.0,0.0756,0.0,0.0,0.0,0.1553,4.0,1.0,0.4748,0.2596,100.0,1.0,0.0,0.7391,0.3913,0.9923,1,0,0,1,1,0,0,0,0,1,0
CD008063,66.67,0.6666666666666666,0.0,0.2035926658369019,0.0,2,2,0.3333333333333333,1,0,0,0,0,46.8,66.67,2.0,4.14,10.0,0.07083528058320285,0,0,83.0,24982.0,6.0,2.66,4.0,12.0,16.0,100.0,1.0,0.0,0.0,1.0,0.0014,1.0,0.3198,1.0,1.0,0.0,0.1594,4.0,2.0,1.1524,0.5995,50.0,1.0,0.0,0.7391,0.7826,0.9933,1,0,0,1,1,0,0,0,0,1,1
CD008145,48.53,0.4852607709750567,0.0,0.3188490239606743,0.0086,1,4,0.125,1,0,0,0,0,32.2,48.53,3.0,3.39,65.0,0.16821376695860124,0,0,22.0,25609.0,4.0,20.83,3.0,66.7,7.0,100.0,1.0,1.0,0.0,1.0,0.0009,1.0,0.8667,1.0,1.0,0.0,0.9538,0.0,3.0,1.042,0.521,50.0,1.0,0.0,0.6275,0.9608,0.8999,1,0,0,1,1,0,0,0,0,1,1
CD008165,25.62,0.2562358276643991,0.0,0.1795105603443663,0.0964,3,2,0.3333333333333333,0,1,1,0,0,34.2,25.62,0.0,3.53,65.0,0.09194095019005989,0,0,8.0,947.0,,22.5,6.0,,8.0,50.0,0.0,0.0,0.0,0.0,0.4447,0.0,-0.0513,0.0,1.0,0.0,0.4303,1.0,0.0,0.8419,0.4743,100.0,0.0,1.0,0.7246,0.971,0.9801,1,0,0,1,1,0,0,0,0,1,1
CD008176,65.81,0.0,0.0,0.0936889906627111,0.0,26,27,0.6428571428571429,1,0,1,0,0,55.0,65.81,1.0,1.03,20.0,0.14515833639452083,0,0,10.0,11604.0,,0.0,0.0,,27.0,0.0,0.0,0.0,1.0,0.0,0.0901,1.0,-0.137,0.0,0.0,0.0,0.0,5.0,1.0,2.1183,1.1714,50.0,1.0,0.0,0.7391,1.0,0.8549,1,0,0,1,1,0,0,0,0,1,1
CD008237,62.59,0.6258503401360545,0.0,0.2675350998334261,0.0107,0,10,0.0,0,0,0,0,0,39.4,62.59,1.0,2.71,50.0,0.12908237605733874,0,0,3.0,198.0,5.0,12.5,1.0,83.3,9.0,100.0,1.0,1.0,0.0,1.0,0.1432,0.0,0.3333,0.0,1.0,0.0,0.5743,1.0,1.0,0.6308,0.3449,100.0,1.0,0.0,0.7647,0.9216,0.8965,1,0,0,1,1,0,0,0,0,1,1
CD008309,20.95,0.2095238095238095,0.0,0.2276899188201584,0.0254,1,29,0.03571428571428571,0,0,1,0,0,36.4,20.95,,3.18,0.0,0.10964117147532942,0,0,6.0,729.0,,,,,,,,,,,,,,,,,,,,,,,,,0.8056,0.8889,0.9649,1,0,0,1,1,0,0,0,0,1,1
CD008349,47.85,0.4784909132735219,0.0,0.286246437386159,0.3523,12,8,0.8571428571428571,1,0,0,0,0,32.0,47.85,1.0,6.63,65.0,0.16821376695860124,0,0,87.0,3519.0,45.0,11.15,12.0,66.2,14.0,100.0,1.0,0.0,0.0,1.0,0.2235,0.0,0.0426,0.0,1.0,0.0,0.222,2.0,1.0,1.0409,0.6159,50.0,1.0,0.0,0.7246,0.9275,0.99,1,0,0,1,1,0,0,0,0,1,1
CD008469,69.44,0.0,0.0,0.191003791091527,0.0,1,6,0.16666666666666666,0,0,0,0,1,69.3,69.44,0.0,1.15,0.0,0.14515833639452083,0,0,11.0,2211.0,,0.0,0.0,,10.0,0.0,0.0,0.0,1.0,0.0,0.9909,0.0,-0.0182,0.0,0.0,0.0,0.0,0.0,0.0,0.8635,0.4318,100.0,0.0,1.0,1.0,1.0,0.8763,1,0,0,1,0,0,1,0,0,1,0
CD008493,65.37,0.0129870129870129,0.0,0.1448552856281535,0.0007,10,6,0.75,1,0,1,1,0,50.4,65.37,1.0,2.67,50.0,0.09859944427393616,0,0,6.0,16420.0,,21.43,2.0,,11.0,0.0,0.0,0.0,1.0,0.0,0.19,0.0,-0.5111,1.0,0.0,0.0,0.128,2.0,1.0,1.515,0.789,50.0,1.0,0.0,0.7391,1.0,0.8625,1,0,0,1,1,0,0,0,0,1,1
CD008552,69.58,0.3042328042328042,0.0,0.4886563582531897,0.2008,0,7,0.0,0,0,0,0,0,55.6,69.58,2.0,3.1,25.0,0.12908237605733874,0,0,42.0,10526.0,,0.0,0.0,,7.0,25.0,0.0,0.0,1.0,0.0,0.0352,1.0,-1.0,1.0,0.0,0.0,0.1997,2.0,2.0,4.4117,1.9447,100.0,1.0,0.0,0.6275,0.9216,0.8871,1,0,0,1,0,1,0,0,0,1,1
CD008564,59.71,0.4029304029304029,0.0,0.2393762290277765,0.0164,10,10,0.45454545454545453,1,1,1,1,0,55.9,59.71,1.0,1.19,0.0,0.10330817740058908,0,0,6.0,41797.0,,0.0,0.0,,17.0,0.0,0.0,0.0,1.0,0.0,0.0334,1.0,0.303,0.0,0.0,0.0,0.0481,0.0,1.0,5.3196,1.8955,100.0,1.0,0.0,0.8116,0.8841,0.9922,1,0,0,1,1,0,0,0,0,1,1
CD008628,70.0,0.0,0.0,0.2023982015589546,0.0,6,9,0.36363636363636365,1,1,0,1,0,64.5,70.0,0.0,1.21,0.0,0.08960278083896527,0,0,5.0,778.0,,0.0,0.0,,26.0,0.0,0.0,0.0,1.0,0.0,0.4968,0.0,0.3333,0.0,0.0,0.0,0.0,1.0,0.0,1.3269,0.7335,50.0,0.0,0.0,0.6471,1.0,0.9854,1,0,0,1,1,0,0,0,0,0,0
CD008688,91.67,0.0,0.0,0.0744774137439609,0.0,1,11,0.125,0,1,0,0,0,80.8,91.67,,6.48,10.0,0.14515833639452083,0,0,3.0,515.0,,,,,,,,,,,,,,,,,,,,,,,,,0.5,0.8611,0.9882,1,0,0,1,0,0,1,0,0,0,0
CD008709,62.15,0.6215277777777778,0.0,0.2310510852674968,0.0,8,27,0.35,1,1,1,1,0,76.8,62.15,0.0,1.04,0.0,0.1553266676302264,0,0,26.0,4092.0,25.0,14.29,7.0,80.6,10.0,100.0,1.0,0.0,0.0,1.0,0.3918,0.0,-0.0195,0.0,0.0,0.0,0.0,1.0,0.0,0.7486,0.3983,100.0,0.0,1.0,0.6522,0.3913,0.9959,1,0,0,1,1,0,0,0,0,1,0
CD008858,100.0,1.0,0.0,0.2989727548223044,0.0,6,5,0.6,0,1,1,0,0,52.5,100.0,1.0,6.13,50.0,0.11739417270378752,0,0,3.0,190431.0,14.0,2.08,2.0,22.2,11.0,100.0,1.0,0.0,0.0,1.0,0.2195,0.0,-0.0283,0.0,1.0,0.0,0.4127,1.0,1.0,0.4554,0.2506,100.0,1.0,0.0,0.971,0.8986,0.8599,1,0,0,1,0,1,0,0,0,0,1
CD008879,24.34,0.2433862433862433,0.0,0.3362152805527525,0.0486,3,5,0.6666666666666666,1,0,0,1,0,42.0,24.34,0.0,1.25,10.0,0.12242388197346246,0,0,15.0,2063.0,,10.0,1.0,,14.0,50.0,0.0,0.0,0.0,0.0,0.199,0.0,0.2857,0.0,0.0,0.0,0.0813,2.0,0.0,1.5428,0.8244,100.0,0.0,1.0,0.549,0.6863,0.9962,1,0,0,1,0,0,1,0,0,1,1
CD008940,33.33,0.1333333333333333,0.1333333333333333,3.2655948170069697,0.0,1,9,0.16666666666666666,1,0,0,0,0,55.6,33.33,,2.2,0.0,0.107198613293993,0,0,23.0,1729.0,,,,,,,,,,,,,,,,,,,,,,,,,0.5,0.5,0.9999,1,0,0,1,0,0,1,0,0,1,1
CD009022,57.78,0.5777777777777777,0.0,0.2639346834432819,0.0,0,10,0.0,0,0,0,0,0,85.2,57.78,0.0,1.21,0.0,0.10248988016734009,0,0,6.0,600.0,7.0,16.67,2.0,77.8,6.0,100.0,1.0,0.0,0.0,1.0,0.7472,0.0,0.2778,0.0,0.0,0.0,0.0695,0.0,0.0,0.2509,0.1255,100.0,0.0,0.0,0.6471,0.4706,0.9991,1,0,0,1,1,0,0,0,0,1,0
CD009102,77.78,0.1666666666666666,0.0,0.1921934037467167,0.0765,1,13,0.08333333333333333,0,1,0,0,0,77.0,77.78,0.0,2.92,35.0,0.10996667148446533,0,0,3.0,1124.0,,18.75,1.0,,8.0,50.0,0.0,0.0,0.0,0.0,0.8676,0.0,0.4,0.0,0.0,0.0,0.1735,1.0,0.0,0.2614,0.1635,100.0,0.0,0.0,0.8039,0.8039,0.5435,1,0,0,1,0,0,1,0,0,0,0
CD009235,66.67,0.0,0.0,0.1390221676336442,0.0,8,20,0.36363636363636365,1,0,0,0,0,55.3,66.67,1.0,1.04,20.0,0.12402543861357487,0,0,51.0,11165.0,,0.0,0.0,,16.0,0.0,0.0,0.0,1.0,0.0,0.1314,0.0,-0.2095,1.0,0.0,0.0,0.0,4.0,1.0,2.3812,1.2639,50.0,1.0,0.0,0.7391,1.0,0.9541,1,0,0,1,1,0,0,0,0,1,1
CD009252,92.7,0.073015873015873,0.0,0.1531341911618212,0.0272,4,6,0.75,1,0,1,0,0,71.4,92.7,0.0,2.65,40.0,0.10602694549325832,0,0,15.0,2689.0,,0.0,0.0,,29.0,0.0,0.0,0.0,1.0,0.0,0.7221,0.0,0.0769,0.0,0.0,0.0,0.146,0.0,0.0,0.911,0.5376,100.0,0.0,1.0,1.0,1.0,0.9623,1,0,0,1,0,0,1,0,0,0,0
CD009298,100.0,0.0,0.0,0.0222435719429494,0.0,4,52,0.05454545454545454,1,1,0,1,0,78.5,100.0,0.0,1.67,10.0,0.07380303041311599,0,0,6.0,1002.0,,0.0,0.0,,1.0,0.0,0.0,0.0,1.0,0.0,0.7737,0.0,0.2727,0.0,0.0,0.0,0.0631,2.0,0.0,0.4237,0.2413,100.0,0.0,1.0,1.0,1.0,0.9491,1,1,0,0,0,1,0,0,0,0,0
CD009362,100.0,1.0,0.0,0.0470522625843905,0.0,5,4,0.5,0,1,1,1,0,100.0,100.0,0.0,1.8,0.0,0.12362277794828606,0,0,49.0,13177.0,7.0,6.25,2.0,25.9,10.0,100.0,1.0,0.0,0.0,1.0,0.9311,0.0,-0.0429,0.0,0.0,0.0,0.1062,1.0,0.0,0.0246,0.0152,100.0,0.0,0.0,1.0,0.1739,0.8923,1,0,0,1,0,1,0,0,0,0,0
CD009417,29.37,0.0555555555555555,0.0,0.3001922179845807,0.1731,1,12,0.1,0,1,0,0,0,43.8,29.37,1.0,2.68,10.0,0.11828963059318938,0,0,4.0,309.0,,0.0,0.0,,10.0,0.0,0.0,0.0,1.0,0.0,0.0943,1.0,0.0,0.0,0.0,0.0,0.0,1.0,1.0,3.0847,1.7247,50.0,1.0,0.0,0.5882,0.9804,0.9163,1,0,0,1,1,0,0,0,0,1,1
CD009508,18.9,0.189033189033189,0.0,0.9975465811215966,0.0718,4,7,0.5,1,1,1,0,0,23.4,18.9,1.0,2.79,55.0,0.10901675724688564,0,0,35.0,2475.0,5.0,8.93,3.0,50.0,13.0,87.5,1.0,1.0,0.0,0.0,0.1183,0.0,0.3778,0.0,0.0,0.0,0.3222,0.0,1.0,1.2354,0.7134,50.0,1.0,0.0,0.5362,0.971,0.9533,1,0,0,1,0,0,0,1,0,1,1
CD009531,66.67,0.0,0.0,0.3642799216276515,0.0,3,11,0.23076923076923078,1,0,0,0,1,58.3,66.67,2.0,1.25,0.0,0.11619527672896392,0,0,7.0,2911.0,,0.0,0.0,,4.0,0.0,0.0,0.0,1.0,0.0,0.0273,1.0,0.5455,1.0,0.0,0.0,0.0,0.0,2.0,1.9922,0.9961,50.0,1.0,0.0,0.6471,1.0,0.9998,1,0,0,1,1,0,0,0,0,1,1
CD009535,46.03,0.4603174603174603,0.0,0.2071516256212625,0.001,3,26,0.06666666666666667,0,1,1,0,0,31.4,46.03,1.0,3.2,65.0,0.1400197144284902,0,0,2.0,30900.0,9.0,41.67,5.0,100.0,9.0,100.0,1.0,0.0,0.0,1.0,0.2507,0.0,-0.5,1.0,1.0,0.0,0.6013,1.0,1.0,1.0168,0.5127,50.0,1.0,0.0,0.5882,0.9608,0.9619,1,0,0,1,1,0,0,0,0,1,1
CD009609,55.38,0.5537918871252204,0.0,0.0825513747013302,0.2486,9,5,0.8,0,1,1,0,0,59.9,55.38,0.0,2.4,30.0,0.13468656707339355,0,0,7.0,1951.0,6.0,12.5,2.0,75.0,4.0,87.5,1.0,0.0,0.0,0.0,0.8581,0.0,-0.3571,0.0,1.0,0.0,0.3514,1.0,0.0,0.0607,0.0184,100.0,0.0,0.0,0.7647,0.5294,0.5595,1,0,1,0,0,0,1,0,0,1,1
CD009679,89.27,0.0196825396825396,0.0,0.1577268505936947,0.027,2,8,0.16666666666666666,1,0,0,0,0,72.5,89.27,0.0,3.2,25.0,0.0967540721469546,0,0,10.0,1263.0,,0.0,0.0,,11.0,0.0,0.0,0.0,1.0,0.0,0.6985,0.0,-0.051,0.0,0.0,0.0,0.0416,0.0,0.0,6.1549,3.0775,100.0,0.0,1.0,1.0,1.0,0.9315,1,0,0,1,0,0,1,0,0,0,0
CD009730,45.45,0.0331890331890331,0.0331890331890331,0.5207340312533184,0.0,3,13,0.2,1,1,0,0,0,55.9,45.45,0.0,1.6,0.0,0.08843111303823058,0,0,24.0,2199.0,,0.0,0.0,,12.0,0.0,0.0,0.0,1.0,0.0,0.5296,0.0,-0.2889,0.0,0.0,0.0,0.0,0.0,0.0,15.3195,7.6598,50.0,0.0,0.0,0.7391,1.0,0.9974,1,0,0,1,0,0,1,0,0,1,1
CD009749,100.0,0.0,0.0,0.0694726874835736,0.0,1,18,0.1,1,0,0,0,0,78.5,100.0,0.0,1.06,10.0,0.1506179345035735,0,0,10.0,1521.0,,0.0,0.0,,10.0,0.0,0.0,0.0,1.0,0.0,0.5237,0.0,-0.1549,0.0,0.0,0.0,0.021,2.0,0.0,1.4224,0.7927,100.0,0.0,1.0,1.0,1.0,0.9834,1,0,0,1,0,1,0,0,0,0,0
CD009788,20.9,0.2089947089947089,0.0,0.4329550781449036,0.0265,1,10,0.09090909090909091,0,1,0,0,0,40.8,20.9,0.0,1.97,10.0,0.07355404867587208,0,0,4.0,462.0,,12.5,1.0,,8.0,50.0,0.0,0.0,0.0,0.0,0.1808,0.0,-0.6,0.0,0.0,0.0,0.1289,2.0,0.0,0.6945,0.3641,100.0,0.0,1.0,0.8235,0.8627,0.885,1,0,0,1,0,0,0,1,0,1,1
CD009945,22.22,0.2222222222222222,0.0,0.2446022295380863,0.0,0,4,0.0,0,0,0,0,0,37.0,22.22,,6.48,0.0,0.1424395683018516,0,0,3.0,172.0,,,,,,,,,,,,,,,,,,,,,,,,,0.8333,0.8611,1.0,1,0,0,1,0,0,0,1,0,1,1
CD010001,66.67,0.6666666666666666,0.0,0.2243610208516573,0.0,5,8,0.6666666666666666,1,1,1,0,0,54.6,66.67,0.0,2.54,25.0,0.1553266676302264,0,0,26.0,4030.0,9.0,4.55,2.0,36.0,20.0,100.0,1.0,0.0,0.0,1.0,0.1853,0.0,0.2104,0.0,0.0,0.0,0.1865,2.0,0.0,0.626,0.3642,100.0,0.0,1.0,0.7391,0.8261,0.9939,1,0,0,1,1,0,0,0,0,1,1
CD010145,73.33,0.7333333333333333,0.0,0.6669880451474787,0.0,7,30,0.22727272727272727,1,1,1,1,0,70.7,73.33,1.0,1.21,0.0,0.13028127203216233,0,0,5.0,363.0,6.0,16.67,2.0,66.7,10.0,100.0,1.0,0.0,0.0,1.0,0.0466,1.0,-0.4444,0.0,0.0,0.0,0.0,0.0,1.0,0.5671,0.2835,100.0,1.0,0.0,0.6471,0.3529,0.9993,1,0,0,1,1,0,0,0,0,0,0
CD010189,62.59,0.0,0.0,0.175642470144719,0.0067,0,6,0.0,0,0,0,0,0,61.9,62.59,0.0,2.41,0.0,0.09533858885935075,0,0,6.0,1330.0,,0.0,0.0,,10.0,0.0,0.0,0.0,1.0,0.0,0.4409,0.0,0.3333,0.0,0.0,0.0,0.0918,0.0,0.0,2.239,1.1843,50.0,0.0,0.0,0.6471,1.0,0.9918,1,0,0,1,1,0,0,0,0,1,0
CD010216,87.5,0.0,0.0,0.0883000231411567,0.0,7,13,0.21052631578947367,1,1,1,0,0,74.1,87.5,0.0,1.31,10.0,0.1830908313209597,0,0,31.0,18782.0,,0.0,0.0,,3.0,0.0,0.0,0.0,1.0,0.0,0.7599,0.0,0.1429,0.0,0.0,0.0,0.0,1.0,0.0,1.1685,0.6427,100.0,0.0,1.0,1.0,1.0,0.9794,1,0,0,1,0,0,1,0,0,0,0
CD010290,93.06,0.0694444444444444,0.0,0.328094573256224,0.0,6,10,0.29411764705882354,1,0,1,0,0,77.6,93.06,0.0,1.31,0.0,0.1424395683018516,0,0,9.0,1265.0,,0.0,0.0,,9.0,0.0,0.0,0.0,1.0,0.0,0.5168,0.0,-0.1429,0.0,0.0,0.0,0.0,1.0,0.0,1.0492,0.5973,100.0,0.0,1.0,1.0,1.0,0.9996,1,0,0,1,0,0,0,1,0,0,0
CD010441,91.67,0.0,0.0,0.0497540339855525,0.0,4,5,0.42857142857142855,0,1,1,0,0,82.8,91.67,,6.48,0.0,0.09977111207467085,0,0,5.0,799.0,,,,,,,,,,,,,,,,,,,,,,,,,0.5,1.0,0.9968,1,0,0,1,0,0,1,0,0,0,0
CD010533,22.22,0.2222222222222222,0.0,0.432940788297192,0.0,1,8,0.14285714285714285,0,1,0,0,0,37.0,22.22,,6.48,0.0,0.10602694549325832,0,0,9.0,11448.0,,,,,,,,,,,,,,,,,,,,,,,,,0.5,0.8611,0.9999,1,0,0,1,0,0,0,1,0,1,1
CD010583,72.62,0.0833333333333333,0.0,0.5707930606823317,0.077,2,5,0.25,0,1,0,0,0,70.9,72.62,,10.79,15.0,0.16198516171410268,0,0,9.0,2036.0,,,,,,,,,,,,,,,,,,,,,,,,,0.5,1.0,0.9821,1,0,0,1,0,0,1,0,0,0,0
CD010779,77.78,0.0,0.0,0.1660908102816183,0.0,0,4,0.0,0,0,0,0,0,72.2,77.78,0.0,2.35,0.0,0.10069379813816164,0,0,2.0,256.0,,0.0,0.0,,7.0,0.0,0.0,0.0,1.0,0.0,0.6787,0.0,0.0,0.0,0.0,0.0,0.0,0.0,0.0,8.8349,4.4175,100.0,0.0,1.0,1.0,1.0,0.9999,1,0,0,1,0,0,1,0,0,0,0
CD010856,68.99,0.6898656898656899,0.0,0.4616090565013135,0.0001,2,5,0.16666666666666666,1,0,0,0,0,41.6,68.99,1.0,3.92,50.0,0.1060269454932583,0,0,7.0,8617.0,4.0,4.17,1.0,33.3,57.0,100.0,1.0,1.0,0.0,1.0,0.4804,0.0,0.3333,0.0,1.0,0.0,0.75,0.0,1.0,0.4671,0.2892,100.0,1.0,0.0,0.7246,0.9275,0.9459,1,0,0,1,1,0,0,0,0,1,1
CD010966,100.0,1.0,0.0,0.039346045257612,0.0,16,24,0.36,1,1,1,1,1,88.5,100.0,1.0,1.02,10.0,0.14044960326786793,0,0,26.0,7665.0,27.0,1.56,1.0,40.3,6.0,100.0,1.0,0.0,0.0,1.0,0.1487,0.0,0.1499,1.0,0.0,0.0,0.0089,6.0,1.0,0.5855,0.2308,100.0,0.0,1.0,0.913,0.1739,0.8996,1,0,0,1,0,1,0,0,0,0,0
CD011039,67.99,0.0105820105820105,0.0,0.3700954847636376,0.0206,3,10,0.3,0,1,0,0,0,57.8,67.99,0.0,3.33,40.0,0.12484373584682383,0,0,2.0,130.0,,6.25,0.0,,0.0,0.0,0.0,0.0,1.0,0.0,0.4515,0.0,-0.4,0.0,0.0,0.0,0.313,0.0,0.0,1.8946,0.9473,50.0,0.0,0.0,0.6471,1.0,0.9709,1,0,0,1,1,0,0,0,0,1,1
CD011044,100.0,1.0,0.0,0.0253587997453855,0.0,16,10,0.9,1,1,1,1,1,78.5,100.0,0.0,3.19,10.0,0.12484373584682386,1,2,52.0,11382.0,6.0,4.35,2.0,23.1,16.0,100.0,1.0,0.0,0.0,1.0,0.8801,0.0,0.0523,0.0,1.0,0.0,0.3087,0.0,0.0,0.0918,0.047,100.0,0.0,0.0,1.0,0.4348,0.8079,1,0,0,1,0,1,0,0,1,0,0
CD011120,92.38,0.0095238095238095,0.0,0.2329376979391558,0.0002,2,4,0.6666666666666666,0,1,0,0,0,75.8,92.38,0.0,1.21,10.0,0.09583138608346382,0,0,16.0,4145.0,,0.0,0.0,,9.0,0.0,0.0,0.0,1.0,0.0,0.2753,0.0,-0.2778,0.0,0.0,0.0,0.0617,3.0,0.0,2.2787,1.3743,100.0,0.0,1.0,1.0,1.0,0.9986,1,0,0,1,0,0,1,0,0,0,0
CD011197,90.48,0.0,0.0,0.2958843262064373,0.0,1,7,0.05,0,0,1,0,0,76.7,90.48,0.0,1.42,0.0,0.14667820851236646,0,0,9.0,1173.0,,0.0,0.0,,7.0,0.0,0.0,0.0,1.0,0.0,0.4257,0.0,-0.2,0.0,0.0,0.0,0.0,1.0,0.0,1.7719,0.9521,100.0,0.0,1.0,1.0,1.0,0.9788,1,0,0,1,0,0,1,0,0,0,0
CD011204,65.08,0.6507936507936508,0.0,0.4419799818272012,0.0028,13,10,0.9,1,1,1,1,0,49.0,65.08,0.0,3.39,25.0,0.10964117147532942,0,0,17.0,37306.0,3.0,0.0,0.0,23.1,16.0,100.0,1.0,1.0,0.0,1.0,0.1399,0.0,-0.0769,0.0,1.0,0.0,0.3625,0.0,0.0,1.0281,0.5401,50.0,0.0,0.0,0.7246,0.9275,0.9929,1,0,0,1,1,0,0,0,0,1,1
CD011305,41.67,0.0,0.0,0.4598116109296035,0.0,1,44,0.045454545454545456,0,1,0,0,0,59.4,41.67,,6.63,0.0,0.08868009477547448,0,0,4.0,368.0,,,,,,,,,,,,,,,,,,,,,,,,,0.5833,1.0,0.9992,1,0,0,1,0,0,1,0,0,1,1
CD011330,62.22,0.1111111111111111,0.0,5.595127117660616,0.0,2,3,0.3333333333333333,1,0,0,0,0,69.0,62.22,,2.2,0.0,0.11464817643702936,0,0,11.0,476.0,,,,,,,,,,,,,,,,,,,,,,,,,0.5,1.0,1.0,1,0,0,1,1,0,0,0,0,1,0
CD011381,15.47,0.15467747382641,0.0,0.2532125067167606,0.0341,12,23,0.45454545454545453,1,1,1,1,0,25.7,15.47,0.0,5.26,65.0,0.10964117147532942,0,0,44.0,52798.0,21.0,13.95,12.0,45.7,28.0,75.0,1.0,0.0,0.0,0.0,0.1306,0.0,0.1594,0.0,1.0,0.0,0.2142,3.0,0.0,1.6029,0.9399,50.0,0.0,0.0,0.6377,0.971,0.9815,1,0,0,1,1,0,0,0,0,1,1
CD011535,100.0,1.0,0.0,0.2480288060277549,0.0,35,14,0.9375,1,1,1,1,0,85.5,100.0,3.0,3.3,30.0,0.1553266676302264,0,0,26.0,25040.0,3.0,0.0,0.0,7.9,12.0,100.0,1.0,1.0,0.0,1.0,0.0107,1.0,0.3457,1.0,1.0,0.0,0.9127,7.0,3.0,0.232,0.1009,100.0,0.0,1.0,1.0,0.0,0.9512,1,0,0,1,0,1,0,0,0,0,0
CD011575,74.92,0.0507936507936507,0.0,0.4361030256454483,0.0148,3,22,0.14285714285714285,0,1,0,0,0,72.0,74.92,,4.32,15.0,0.10330817740058906,0,0,4.0,16732.0,,,,,,,,,,,,,,,,,,,,,,,,,1.0,1.0,0.9993,1,0,0,1,0,0,1,0,0,0,0
CD011600,70.37,0.7037037037037037,0.0,0.1065688281951694,0.0,4,12,0.1111111111111111,1,1,0,0,1,89.6,70.37,0.0,1.62,0.0,,0,0,5.0,29262.0,4.0,25.0,1.0,80.0,2.0,100.0,1.0,1.0,0.0,1.0,0.3065,0.0,-0.6,0.0,0.0,0.0,0.3778,1.0,0.0,0.4771,0.195,100.0,0.0,0.0,1.0,0.1765,0.9747,1,0,0,1,1,0,0,0,0,0,0
CD011626,62.17,0.0648148148148148,0.0,0.4837473996136494,0.0007,4,2,0.2857142857142857,1,0,0,0,0,61.8,62.17,0.0,2.19,0.0,0.08843111303823058,0,0,6.0,609.0,,12.5,2.0,,6.0,0.0,0.0,0.0,1.0,0.0,0.1857,0.0,0.0741,0.0,0.0,0.0,0.0569,3.0,0.0,1.1968,0.6862,50.0,0.0,0.0,0.7391,1.0,0.9707,1,0,0,1,1,0,0,0,0,1,0
CD011627,86.77,0.074074074074074,0.0,0.2395798217731856,0.1429,2,4,0.25,0,1,0,1,0,68.6,86.77,0.0,3.03,45.0,0.1353109813018373,0,0,14.0,1188.0,,0.0,0.0,,5.0,12.5,0.0,0.0,1.0,0.0,0.8734,0.0,-0.3571,0.0,0.0,0.0,0.297,0.0,0.0,0.4673,0.2791,100.0,0.0,1.0,0.9804,0.9804,0.9413,1,0,0,1,0,0,1,0,0,0,0
CD011670,71.63,0.0456349206349206,0.0,1.0354591508462156,0.0886,1,4,0.125,0,1,0,0,0,60.1,71.63,1.0,2.57,0.0,0.0829715149291779,0,0,4.0,186.0,,0.0,0.0,,3.0,0.0,0.0,0.0,1.0,0.0,0.1443,0.0,0.6508,1.0,0.0,0.0,0.0,1.0,1.0,66.5854,34.6755,100.0,1.0,0.0,0.8824,1.0,0.9918,1,0,0,1,0,0,1,0,0,0,0
CD011671,64.55,0.6455026455026455,0.0,0.0416693933243199,0.0172,7,12,0.6363636363636364,0,0,1,0,1,65.3,64.55,0.0,2.43,15.0,0.09465971828272914,0,0,16.0,3078.0,10.0,7.14,3.0,58.8,35.0,100.0,1.0,0.0,0.0,1.0,0.7494,0.0,-0.0882,0.0,0.0,0.0,0.2322,1.0,0.0,0.1818,0.1101,100.0,0.0,0.0,0.7391,0.6522,0.95,1,0,0,1,1,0,0,0,0,1,0
CD011689,100.0,1.0,0.0,0.4033234030932355,0.0,46,21,1.0,1,1,1,1,0,78.8,100.0,2.0,4.52,75.0,0.07797943752901804,1,2,42.0,264906.0,4.0,1.34,2.0,12.9,20.0,100.0,1.0,1.0,0.0,1.0,0.1106,0.0,0.3445,1.0,1.0,0.0,0.7418,3.0,2.0,0.3068,0.1618,100.0,0.0,1.0,1.0,0.8261,0.8,1,0,0,1,0,1,0,0,1,0,0
CD011762,97.14,0.0,0.0,0.1898244135670988,0.0151,22,17,0.8571428571428571,1,1,1,0,0,77.5,97.14,0.0,1.99,10.0,0.05610280912784646,0,0,38.0,317207.0,,0.0,0.0,,17.0,0.0,0.0,0.0,1.0,0.0,0.1856,0.0,0.0962,0.0,0.0,0.0,0.0,3.0,0.0,6.5783,3.562,100.0,0.0,1.0,0.9565,1.0,0.9304,1,0,0,1,0,0,1,0,0,0,0
CD011778,64.35,0.6434676434676435,0.0,0.33587457765922,0.011,8,1,0.8,1,0,0,0,0,40.0,64.35,2.0,5.98,50.0,0.11830972440510412,0,0,42.0,1745.0,11.0,2.86,3.0,28.9,13.0,100.0,1.0,0.0,0.0,1.0,0.0596,1.0,0.1252,0.0,1.0,0.0,0.5789,1.0,2.0,0.7424,0.4489,100.0,1.0,0.0,0.7246,0.9275,0.932,1,0,0,1,1,0,0,0,0,1,1
CD011793,61.9,0.0,0.0,0.9835544923787928,0.0,3,9,0.21428571428571427,1,0,0,0,0,56.7,61.9,1.0,1.12,0.0,0.13028127203216233,0,0,10.0,985.0,,0.0,0.0,,18.0,0.0,0.0,0.0,1.0,0.0,0.1808,0.0,-0.3484,1.0,0.0,0.0,0.0,0.0,1.0,9.7491,4.8746,50.0,1.0,0.0,0.7391,1.0,0.9996,1,0,0,1,1,0,0,0,0,1,1
CD011841,71.43,0.0,0.0,0.2248490100880023,0.0044,7,6,0.5714285714285714,1,1,0,1,0,73.3,71.43,,2.64,0.0,0.09555517617213101,0,0,33.0,2099.0,,,,,,,,,,,,,,,,,,,,,,,,,1.0,1.0,0.8738,1,0,0,1,0,0,1,0,0,0,0
CD011851,73.33,0.0,0.0,0.266697278576975,0.0,0,8,0.0,0,0,0,0,0,72.2,73.33,,2.2,10.0,0.08840388486414169,0,0,4.0,1654.0,,,,,,,,,,,,,,,,,,,,,,,,,0.5,1.0,0.9898,1,0,0,1,1,0,0,0,0,0,0
CD011858,100.0,0.0,0.0,0.2520742439719651,0.0,2,14,0.06666666666666667,0,1,0,1,0,86.7,100.0,,7.21,0.0,0.10692240338266018,0,0,18.0,1095.0,,,,,,,,,,,,,,,,,,,,,,,,,1.0,1.0,0.9765,1,0,0,1,0,1,0,0,0,0,0
CD011866,100.0,1.0,0.0,0.0136935677579768,0.0,8,11,0.4,1,1,1,0,0,77.0,100.0,0.0,2.7,20.0,0.11619527672896392,0,0,45.0,6022.0,11.0,5.0,5.0,39.3,20.0,100.0,1.0,0.0,0.0,1.0,0.4896,0.0,0.1111,0.0,1.0,0.0,0.1253,0.0,0.0,0.2582,0.0847,100.0,0.0,0.0,1.0,0.8261,0.6259,1,0,0,1,0,1,0,0,0,0,0
CD011885,79.56,0.1626984126984127,0.0,0.170823717474788,0.0467,6,65,0.08333333333333333,0,1,0,1,0,69.1,79.56,0.0,2.4,25.0,0.05610280912784646,0,0,7.0,1330.0,,3.12,0.0,,12.0,12.5,0.0,0.0,1.0,0.0,0.6566,0.0,-0.3333,0.0,0.0,0.0,0.2047,1.0,0.0,0.8927,0.6488,100.0,0.0,1.0,0.9804,0.9804,0.955,1,0,0,1,0,0,1,0,0,0,0
CD012067,63.25,0.6324786324786325,0.0,0.3084116754746573,0.0126,11,21,0.3333333333333333,1,1,1,0,0,38.1,63.25,1.0,5.64,60.0,0.1323756258963878,0,0,29.0,3639.0,13.0,9.29,12.0,34.2,8.0,100.0,1.0,0.0,0.0,1.0,0.5159,0.0,0.1538,0.0,1.0,0.0,0.3421,1.0,1.0,0.4553,0.3233,100.0,1.0,0.0,0.7246,0.9275,0.9671,1,0,0,1,1,0,0,0,0,1,1
CD012079,20.01,0.5896975142258161,0.3896376160527104,0.6404248798852992,0.1149,32,23,0.625,1,1,1,1,0,27.5,20.01,1.0,4.7,30.0,0.11828963059318938,0,0,25.0,4360.0,35.0,13.27,10.0,67.3,12.0,75.0,1.0,0.0,0.0,0.0,0.0,1.0,0.1391,0.0,0.0,0.0,0.0774,9.0,1.0,3.4185,1.5222,50.0,1.0,0.0,0.4783,0.971,0.9562,1,0,0,1,1,0,0,0,0,1,1
CD012170,34.22,0.6578483245149912,0.0,1.925369989661267,0.276,3,2,0.6666666666666666,1,0,0,0,0,49.5,34.22,0.0,3.07,50.0,0.09465971828272914,0,0,12.0,10584.0,,0.0,0.0,,6.0,25.0,0.0,0.0,1.0,0.0,0.3648,0.0,0.3571,0.0,1.0,0.0,0.5,0.0,0.0,1.3694,0.6826,100.0,0.0,1.0,0.6078,0.902,0.8091,1,0,0,1,0,0,1,0,0,1,1
CD012178,61.11,0.0,0.0,0.3683429720360701,0.0,0,6,0.0,0,0,0,0,0,61.4,61.11,0.0,1.62,0.0,0.1553266676302264,0,0,4.0,532.0,,0.0,0.0,,1.0,0.0,0.0,0.0,1.0,0.0,0.7107,0.0,-0.2,0.0,0.0,0.0,0.0,1.0,0.0,3.8633,2.2741,50.0,0.0,0.0,0.6471,1.0,0.9996,1,0,0,1,1,0,0,0,0,1,0
CD012186,69.18,0.6918238993710691,0.0,0.0873402942058125,0.0,5,4,1.0,1,1,1,1,0,39.5,69.18,2.0,6.67,65.0,0.08932657092763245,0,0,85.0,54930.0,4.0,0.49,1.0,3.8,33.0,100.0,1.0,1.0,0.0,1.0,0.2554,0.0,0.1645,1.0,1.0,0.0,0.1853,9.0,2.0,0.3852,0.2852,100.0,1.0,0.0,0.7391,0.913,0.9637,1,0,0,1,1,0,0,0,0,1,1
CD012214,35.56,0.3555555555555555,0.0,0.5697168858202071,0.0,0,6,0.0,0,0,0,0,0,43.3,35.56,,2.2,0.0,0.11736694452969859,0,0,7.0,387.0,,,,,,,,,,,,,,,,,,,,,,,,,0.5556,0.5833,0.9987,1,0,0,1,1,0,0,0,0,1,1
CD012268,26.41,0.6904761904761905,0.0,0.1969324619392036,0.4785,18,2,0.75,1,0,0,0,0,51.2,26.41,0.0,2.35,20.0,0.0967540721469546,0,0,17.0,1317.0,,4.17,2.0,,16.0,25.0,0.0,0.0,1.0,0.0,0.5148,0.0,-0.1384,0.0,0.0,0.0,0.0476,1.0,0.0,1.5503,0.771,100.0,0.0,1.0,0.6957,0.913,0.8733,1,0,0,1,0,1,0,0,0,1,1
CD012397,52.38,0.0952380952380952,0.0714285714285714,0.7140076935199734,0.2045,4,14,0.25,0,1,1,1,1,55.4,52.38,,12.72,45.0,0.13436559093037145,0,0,1.0,0.0,,,,,,,,,,,,,,,,,,,,,,,,,0.4167,0.9167,0.9968,1,0,0,1,0,0,1,0,0,1,1
CD012426,80.0,0.0,0.0,0.1451544501380224,0.0,3,6,0.4,0,1,0,0,1,75.3,80.0,,2.2,10.0,0.1059997173191694,0,0,3.0,2696.0,,,,,,,,,,,,,,,,,,,,,,,,,1.0,1.0,0.9916,1,1,0,0,0,0,1,0,0,0,0
CD012429,86.67,0.0,0.0,1.5705572808105657,0.0,2,27,0.038461538461538464,1,0,0,0,0,80.4,86.67,,2.2,0.0,0.12362277794828606,0,0,2.0,1421.0,,,,,,,,,,,,,,,,,,,,,,,,,0.9167,1.0,0.9999,1,0,0,1,1,0,0,0,0,0,0
CD012445,78.57,0.0,0.0,0.4366945003948538,0.0075,0,6,0.0,0,0,0,0,0,70.2,78.57,0.0,3.29,15.0,0.10812129935748377,0,0,6.0,473.0,,0.0,0.0,,6.0,0.0,0.0,0.0,1.0,0.0,0.7631,0.0,0.2,0.0,0.0,0.0,0.1498,0.0,0.0,4.5451,2.2725,100.0,0.0,1.0,1.0,1.0,0.9993,1,0,0,1,0,0,1,0,0,0,0
CD012503,31.22,0.3121693121693121,0.0,0.1067965056438507,0.0107,4,10,0.8,0,0,0,1,0,32.9,31.22,1.0,1.23,20.0,0.10692240338266018,0,0,21.0,39981.0,13.0,10.71,4.0,76.5,10.0,100.0,1.0,0.0,0.0,1.0,0.0188,1.0,-0.1471,0.0,0.0,0.0,0.0,4.0,1.0,0.7253,0.388,100.0,1.0,0.0,0.6232,0.7971,0.4966,1,0,0,1,1,0,0,0,0,1,1
CD012570,45.45,0.0,0.0,0.0617823521331839,0.0,0,7,0.0,0,0,0,0,0,67.9,45.45,1.0,1.18,20.0,0.12753527576540416,0,0,3.0,1932.0,,0.0,0.0,,8.0,0.0,0.0,0.0,1.0,0.0,0.2215,0.0,-0.6444,1.0,0.0,0.0,0.0,3.0,1.0,0.0718,0.0374,50.0,0.0,0.0,0.7391,1.0,0.9983,1,0,0,1,1,0,0,0,0,1,0
CD012572,86.67,0.1333333333333333,0.0,1.2361666432838567,0.0,1,7,0.07692307692307693,0,1,0,0,0,80.4,86.67,,2.2,0.0,0.12090400985561682,0,0,4.0,630.0,,,,,,,,,,,,,,,,,,,,,,,,,0.5,0.5833,0.9823,1,0,0,1,1,0,0,0,0,0,0
CD012586,64.82,0.3517903285345146,0.0,0.0429044815790717,0.0006,3,14,0.2,1,0,1,1,0,54.7,64.82,2.0,1.03,20.0,0.16821376695860124,0,0,134.0,46284.0,,5.13,4.0,,20.0,0.0,0.0,0.0,1.0,0.0,0.0187,1.0,0.186,1.0,0.0,0.0,0.0357,0.0,2.0,2.2702,0.7458,100.0,1.0,0.0,0.7391,0.7826,0.9313,1,0,0,1,1,0,0,0,0,1,1
CD012623,86.83,0.1317460317460317,0.0,0.0307172737482197,0.072,0,3,0.0,0,0,0,0,0,69.4,86.83,0.0,2.12,40.0,0.1275625039394931,0,0,8.0,1807.0,,4.17,0.0,,9.0,25.0,0.0,0.0,1.0,0.0,0.7214,0.0,-0.0282,0.0,0.0,0.0,0.1857,1.0,0.0,0.408,0.287,100.0,0.0,1.0,0.8824,0.9216,0.9522,1,0,0,1,1,0,0,0,0,0,0
CD012635,73.47,0.0,0.0,0.0753972694445268,0.1325,2,9,0.2,0,0,0,0,1,69.2,73.47,0.0,2.26,10.0,0.0926198207666815,0,0,7.0,3039.0,,0.0,0.0,,8.0,0.0,0.0,0.0,1.0,0.0,0.9348,0.0,-0.3333,0.0,0.0,0.0,0.0,1.0,0.0,0.8376,0.5577,100.0,0.0,1.0,0.8824,1.0,0.5378,1,0,0,1,0,1,0,0,0,0,0
CD012642,73.33,0.0,0.0,0.3746894176317057,0.0,6,15,0.36363636363636365,1,1,0,1,0,72.2,73.33,,2.2,10.0,0.11736694452969859,0,0,5.0,645.0,,,,,,,,,,,,,,,,,,,,,,,,,0.5,1.0,0.979,1,0,0,1,1,0,0,0,0,0,0
CD012693,54.32,0.5432098765432098,0.0,0.1110481673914627,0.0246,17,48,0.3235294117647059,1,1,1,1,1,64.0,54.32,0.0,2.17,0.0,0.06627114036355203,0,0,18.0,7780.0,7.0,27.5,3.0,87.5,6.0,100.0,1.0,0.0,0.0,1.0,0.9918,0.0,0.0714,0.0,0.0,0.0,0.1965,0.0,0.0,0.0278,0.0139,100.0,0.0,0.0,0.5686,0.9412,0.6806,1,0,0,1,1,0,0,0,0,1,0
CD012712,100.0,1.0,0.0,0.1432498825056641,0.0,8,19,0.35,1,0,1,0,0,84.0,100.0,2.0,1.07,40.0,,1,1,14.0,12275.0,4.0,2.94,1.0,20.0,4.0,100.0,1.0,1.0,0.0,1.0,0.0001,1.0,-0.6067,1.0,1.0,0.0,0.6943,6.0,2.0,0.4117,0.1666,100.0,0.0,1.0,1.0,0.0,0.9542,1,0,0,1,0,1,0,0,1,0,0
CD012718,64.55,0.6455026455026455,0.0,0.547312314608813,0.0032,9,12,0.5,1,1,1,0,1,48.1,64.55,0.0,3.68,30.0,0.13468656707339355,0,0,15.0,5583.0,4.0,18.75,2.0,80.0,0.0,100.0,1.0,1.0,0.0,1.0,0.5404,0.0,0.4,0.0,1.0,0.0,0.7997,0.0,0.0,1.1371,0.5898,50.0,0.0,0.0,0.6471,0.9412,0.9997,1,0,0,1,1,0,0,0,0,1,1
CD012757,30.56,0.3055555555555556,0.0,0.0205951275803553,0.0,2,17,0.2,0,1,1,0,0,40.9,30.56,,6.48,0.0,0.08843111303823059,0,0,3.0,234.0,,,,,,,,,,,,,,,,,,,,,,,,,0.6667,0.7222,0.9994,1,0,0,1,0,0,0,1,0,1,1
CD012850,66.67,0.0,0.0,0.0912110091079959,0.0,2,29,0.03571428571428571,0,1,0,1,0,63.3,66.67,0.0,2.01,0.0,0.13892973115002227,0,0,6.0,219.0,,0.0,0.0,,0.0,0.0,0.0,0.0,1.0,0.0,0.7199,0.0,0.0,0.0,0.0,0.0,0.0,0.0,0.0,2.5035,1.2517,50.0,0.0,0.0,0.6471,1.0,0.9069,1,0,0,1,1,0,0,0,0,1,0
CD012891,62.81,0.6281179138321995,0.0,0.4829273779068213,0.0006,9,9,0.7272727272727273,0,1,1,0,1,41.7,62.81,1.0,3.28,35.0,0.09403530405428535,0,0,19.0,1847.0,9.0,17.5,6.0,69.2,0.0,100.0,1.0,0.0,0.0,1.0,0.0719,1.0,-0.3226,0.0,1.0,0.0,0.4608,1.0,1.0,0.9256,0.4841,100.0,1.0,0.0,0.6667,0.9275,0.9602,1,0,0,1,1,0,0,0,0,1,1
CD012905,50.18,0.5018315018315018,0.0,0.1109354368745314,0.3628,5,6,0.5,1,1,0,1,0,58.8,50.18,0.0,2.59,25.0,0.054112844093862786,0,0,15.0,3358.0,11.0,19.44,4.0,91.7,9.0,100.0,1.0,0.0,0.0,1.0,0.5991,0.0,0.1613,0.0,0.0,0.0,0.2712,0.0,0.0,0.196,0.098,100.0,0.0,0.0,0.7246,0.913,0.9113,1,0,0,1,0,1,0,0,0,1,1
CD012925,44.22,0.0362811791383219,0.0226757369614512,0.3705466383418679,0.2356,4,6,0.3333333333333333,1,1,0,0,0,46.0,44.22,2.0,3.26,30.0,0.07826278180252498,0,0,8.0,57431.0,,0.0,0.0,,0.0,0.0,0.0,0.0,1.0,0.0,0.0413,1.0,-0.7333,1.0,0.0,0.0,0.298,0.0,2.0,3.0702,1.6221,50.0,1.0,0.0,0.5882,0.9608,0.9709,1,0,0,1,1,0,0,0,0,1,1
CD012942,61.0,0.0,0.0,0.0723068589530539,0.0586,23,14,0.7272727272727273,1,1,1,1,0,53.1,61.0,0.0,4.39,55.0,0.10540253126481453,0,0,37.0,85684.0,,0.0,0.0,,17.0,0.0,0.0,0.0,1.0,0.0,0.6446,0.0,-0.1016,0.0,0.0,0.0,0.1266,0.0,0.0,2.8582,1.5623,50.0,0.0,0.0,0.7391,1.0,0.9925,1,0,0,1,1,0,0,0,0,1,1
CD012967,91.67,0.0,0.0,0.3072033035176792,0.0,0,5,0.0,0,0,0,0,0,82.8,91.67,,6.48,0.0,0.17686222607646118,0,0,1.0,330.0,,,,,,,,,,,,,,,,,,,,,,,,,0.5,0.7222,0.9999,1,0,0,1,0,0,1,0,0,0,0
CD012993,42.86,0.0476190476190476,0.0476190476190476,0.5648212463931627,0.0317,2,5,0.1111111111111111,1,0,0,0,0,50.0,42.86,2.0,2.49,0.0,0.08843111303823058,0,0,6.0,472.0,,10.0,2.0,,0.0,0.0,0.0,0.0,1.0,0.0,0.0163,1.0,0.4545,1.0,0.0,0.0,0.05,2.0,2.0,8.0679,3.3488,50.0,1.0,0.0,0.6522,0.971,0.9942,1,0,0,1,1,0,0,0,0,1,1
CD013042,64.63,0.0204081632653061,0.0,0.1876476097351117,0.0018,5,12,0.625,1,1,1,0,0,56.1,64.63,2.0,2.65,10.0,0.09936845140938205,0,0,22.0,6544.0,,0.0,0.0,,18.0,0.0,0.0,0.0,1.0,0.0,0.0098,1.0,0.4872,1.0,0.0,0.0,0.0745,2.0,2.0,1.9991,1.0656,50.0,1.0,0.0,0.7391,1.0,0.8748,1,0,0,1,1,0,0,0,0,1,1
CD013051,53.17,0.5317460317460317,0.0,0.5738758036344327,0.1828,0,6,0.0,0,0,0,0,0,36.1,53.17,3.0,3.41,50.0,0.0926198207666815,0,0,12.0,1179.0,6.0,31.25,4.0,85.7,21.0,100.0,1.0,0.0,0.0,1.0,0.0006,1.0,0.6831,1.0,1.0,0.0,0.6773,1.0,3.0,1.1397,0.5995,75.0,1.0,0.0,0.6275,0.9608,0.8194,1,0,0,1,1,0,0,0,0,1,1
CD013052,100.0,0.0,0.0,0.0145002242438499,0.0,2,9,0.2,0,1,0,0,0,78.5,100.0,0.0,1.62,10.0,0.13773083517519868,0,0,13.0,1669.0,,0.0,0.0,,0.0,0.0,0.0,0.0,1.0,0.0,0.6916,0.0,0.0,0.0,0.0,0.0,0.0,0.0,0.0,0.5798,0.2899,100.0,0.0,1.0,1.0,1.0,0.9905,1,0,0,1,0,1,0,0,0,0,0
CD013053,53.33,0.5333333333333333,0.0,0.3422519379655602,0.0,0,6,0.0,0,0,0,0,0,75.2,53.33,,2.2,15.0,0.11736694452969859,0,0,6.0,441.0,,,,,,,,,,,,,,,,,,,,,,,,,0.5,0.5833,0.9995,1,0,0,1,1,0,0,0,0,1,0
CD013054,66.67,0.6666666666666666,0.0,0.2411962007339317,0.0,7,11,0.375,1,1,1,1,0,63.8,66.67,2.0,2.59,30.0,0.15018804566419583,0,0,13.0,2073.0,3.0,0.0,0.0,37.5,0.0,100.0,1.0,1.0,0.0,1.0,0.0003,1.0,-0.6154,1.0,1.0,0.0,0.7558,2.0,2.0,1.0521,0.5533,50.0,1.0,0.0,0.6471,0.5294,0.9897,1,0,0,1,1,0,0,0,0,1,0
CD013055,41.67,0.4166666666666667,0.0,0.0112760301976979,0.0,0,5,0.0,0,0,0,0,0,46.1,41.67,,6.48,0.0,0.08489404771231236,0,0,3.0,831.0,,,,,,,,,,,,,,,,,,,,,,,,,0.6667,0.4444,1.0,1,0,0,1,0,0,0,1,0,1,1
CD013056,12.7,0.1269841269841269,0.0,0.626079568187705,0.0887,3,2,0.5,0,1,0,1,0,22.6,12.7,,4.37,50.0,0.0920453390203017,0,0,9.0,1108.0,,,,,,,,,,,,,,,,,,,,,,,,,0.3889,0.9167,0.9657,1,0,0,1,0,0,0,1,0,1,1
CD013059,10.58,0.1058201058201058,0.0,0.631965014150492,0.0018,2,4,0.5,1,0,0,0,0,38.7,10.58,0.0,1.62,0.0,0.09506237894801794,0,0,18.0,10584.0,,25.0,1.0,,4.0,50.0,0.0,0.0,0.0,0.0,0.7464,0.0,0.0,0.0,0.0,0.0,0.0,1.0,0.0,0.4903,0.2681,100.0,0.0,1.0,0.8235,0.8235,0.9991,1,0,0,1,0,0,0,1,0,1,1
CD013071,100.0,0.0,0.0,0.0811184397115906,0.0,0,15,0.0,0,0,0,0,0,80.0,100.0,0.0,1.09,0.0,0.116168048554875,0,0,8.0,1328.0,,0.0,0.0,,15.0,0.0,0.0,0.0,1.0,0.0,0.5883,0.0,-0.1088,0.0,0.0,0.0,0.0,1.0,0.0,0.397,0.2178,100.0,0.0,1.0,1.0,1.0,0.9496,1,0,0,1,0,1,0,0,0,0,0
CD013105,68.52,0.037037037037037,0.0,1.0196013941005684,0.0,3,7,0.2857142857142857,1,0,0,0,0,64.0,68.52,0.0,2.9,0.0,0.10330817740058906,0,0,17.0,2028.0,,0.0,0.0,,2.0,0.0,0.0,0.0,1.0,0.0,0.1897,0.0,-0.4,0.0,0.0,0.0,0.1599,2.0,0.0,1.55,0.8732,50.0,0.0,0.0,0.6471,1.0,0.9797,1,0,0,1,1,0,0,0,0,1,0
CD013197,60.61,0.0673992673992674,0.0024420024420024,0.3685507759713616,0.0073,17,23,0.5263157894736842,0,1,1,1,0,53.0,60.61,0.0,6.25,55.0,0.0911498811308998,0,0,14.0,1548.0,,0.0,0.0,,8.0,0.0,0.0,0.0,1.0,0.0,0.4738,0.0,-0.0389,0.0,1.0,0.0,0.1602,2.0,0.0,2.2143,1.4211,50.0,0.0,0.0,0.7391,1.0,0.99,1,1,0,0,1,0,0,0,0,1,1
CD013232,59.02,0.0,0.0,0.2013221225660917,0.0,15,24,0.5714285714285714,1,0,1,1,0,59.2,59.02,0.0,1.01,10.0,0.08489404771231236,0,0,76.0,3889.0,,0.0,0.0,,34.0,0.0,0.0,0.0,1.0,0.0,0.1424,0.0,0.0968,0.0,0.0,0.0,0.0,6.0,0.0,6.6136,3.6339,25.0,0.0,0.0,0.5217,1.0,0.996,1,0,0,1,1,0,0,0,0,1,1
CD013255,66.35,0.6634920634920635,0.0,0.7488634617217202,0.0001,11,5,0.6666666666666666,1,1,1,0,0,41.5,66.35,3.0,3.32,45.0,0.14335512000316822,0,0,36.0,5861.0,3.0,0.0,0.0,33.3,15.0,100.0,1.0,1.0,0.0,1.0,0.0255,1.0,0.5556,1.0,1.0,0.0,0.9767,0.0,3.0,0.9839,0.4919,100.0,1.0,0.0,0.6471,0.9412,0.9876,1,0,0,1,1,0,0,0,0,1,1
CD013278,76.19,0.238095238095238,0.0,0.1219879707390928,0.0004,9,30,0.2857142857142857,1,1,1,1,0,60.2,76.19,1.0,1.14,10.0,0.1553266676302264,0,0,18.0,2297.0,,0.0,0.0,,14.0,0.0,0.0,0.0,1.0,0.0,0.0832,1.0,-0.2595,0.0,0.0,0.0,0.0,2.0,1.0,1.7858,0.6682,100.0,1.0,0.0,0.7391,0.7826,0.9137,1,0,0,1,1,0,0,0,0,0,0
CD013284,66.67,0.0,0.0,0.4057502013172135,0.0,2,8,0.125,1,0,0,0,0,71.1,66.67,,2.7,0.0,0.1060269454932583,0,0,6.0,1955.0,,,,,,,,,,,,,,,,,,,,,,,,,1.0,1.0,0.9517,1,0,0,1,0,0,1,0,0,1,0
CD013295,66.67,0.6666666666666666,0.0,0.2566353830461495,0.0,9,7,0.8,1,0,1,1,0,50.1,66.67,0.0,5.27,55.0,0.12285377081284017,0,0,90.0,18399.0,19.0,3.97,6.0,28.8,27.0,100.0,1.0,0.0,0.0,1.0,0.1474,0.0,-0.0519,0.0,1.0,0.0,0.1873,0.0,0.0,0.7178,0.3589,100.0,0.0,1.0,0.7391,0.913,0.9746,1,0,0,1,1,0,0,0,0,1,1
CD013332,60.61,0.6060606060606061,0.0,0.4933587488177124,0.0143,4,2,0.5,1,1,1,0,0,51.2,60.61,0.0,2.67,0.0,0.12362277794828606,0,0,28.0,10014.0,7.0,17.86,4.0,70.0,12.0,100.0,1.0,0.0,0.0,1.0,0.1874,0.0,-0.2,0.0,1.0,0.0,0.2483,0.0,0.0,1.0211,0.5105,50.0,0.0,0.0,0.7246,0.9275,0.993,1,0,0,1,1,0,0,0,0,1,1
CD013342,13.4,0.1340388007054673,0.0,0.4890302915666511,0.0125,5,11,0.3333333333333333,1,1,1,0,0,28.2,13.4,2.0,2.5,10.0,0.161555272874725,0,0,23.0,3322.0,,15.0,3.0,,5.0,50.0,0.0,0.0,0.0,0.0,0.0366,1.0,0.7143,1.0,0.0,0.0,0.1156,2.0,2.0,1.4212,0.7381,50.0,1.0,0.0,0.5294,0.9804,0.9658,1,0,0,1,0,0,0,1,0,1,1
CD013344,66.67,0.0,0.0,0.8591154788125004,0.0,3,13,0.2,1,1,0,0,0,63.3,66.67,0.0,1.42,0.0,0.12282654263875127,0,0,10.0,2401.0,,0.0,0.0,,0.0,0.0,0.0,0.0,1.0,0.0,0.2404,0.0,0.5714,0.0,0.0,0.0,0.0,0.0,0.0,3.2713,1.6356,50.0,0.0,0.0,0.6471,1.0,0.9999,1,0,0,1,1,0,0,0,0,1,0
CD013353,68.71,0.6870748299319728,0.0,3.461444121206547,0.0043,0,4,0.0,0,0,0,0,0,56.8,68.71,0.0,3.26,15.0,0.1275625039394931,0,0,5.0,564.0,4.0,12.5,2.0,66.7,1.0,100.0,1.0,1.0,0.0,1.0,0.3094,0.0,0.4667,0.0,0.0,0.0,0.3328,1.0,0.0,1.714,0.8817,100.0,0.0,1.0,0.6471,0.9412,0.9988,1,0,0,1,1,0,0,0,0,1,1
CD013355,40.95,0.0,0.0,0.4949659380571388,0.1178,0,9,0.0,0,0,0,0,0,57.1,40.95,,3.47,10.0,0.08596132668280525,0,0,4.0,1123.0,,,,,,,,,,,,,,,,,,,,,,,,,0.6667,1.0,0.8114,1,0,0,1,0,0,1,0,0,1,1
CD013358,59.41,0.0793650793650793,0.0476190476190476,0.6927351445703782,0.034,11,11,0.42857142857142855,1,1,0,0,0,56.3,59.41,0.0,3.3,30.0,0.10812129935748378,0,0,25.0,1991.0,,0.0,0.0,,1.0,0.0,0.0,0.0,1.0,0.0,0.4675,0.0,0.3333,0.0,0.0,0.0,0.3066,0.0,0.0,2.5602,1.36,50.0,0.0,0.0,0.6471,1.0,0.997,1,0,0,1,1,0,0,0,0,1,1
CD013366,100.0,0.0,0.0,0.1059019641603596,0.0,7,12,0.3333333333333333,1,0,1,0,0,90.0,100.0,0.0,1.4,0.0,0.10953678264508765,0,0,6.0,3062.0,,0.0,0.0,,6.0,0.0,0.0,0.0,1.0,0.0,0.9266,0.0,0.1579,0.0,0.0,0.0,0.0,0.0,0.0,0.2215,0.1108,100.0,0.0,0.0,1.0,1.0,0.8859,1,0,0,1,0,1,0,0,0,0,0
CD013396,96.36,0.0,0.0,0.0718991271674136,0.0107,5,15,0.2727272727272727,1,1,1,0,0,87.2,96.36,0.0,2.7,10.0,0.08386697281857977,0,0,6.0,5088.0,,7.69,2.0,,6.0,0.0,0.0,0.0,1.0,0.0,0.8783,0.0,-0.0084,0.0,0.0,0.0,0.0519,0.0,0.0,0.2293,0.1147,100.0,0.0,0.0,1.0,1.0,0.8837,1,0,0,1,0,0,1,0,0,0,0
CD013408,29.1,0.291005291005291,0.0,0.2131741447081033,0.0602,3,16,0.17647058823529413,0,1,0,0,0,45.2,29.1,0.0,2.67,0.0,0.10692240338266018,0,0,5.0,4664.0,5.0,50.0,2.0,100.0,0.0,75.0,1.0,1.0,0.0,0.0,0.7768,0.0,0.0,0.0,0.0,0.0,0.3086,1.0,0.0,0.4457,0.2531,100.0,0.0,1.0,0.5882,0.9412,0.9974,1,0,0,1,1,0,0,0,0,1,1
CD013414,68.75,0.6875,0.0,0.1042806912424094,0.0,3,6,0.2,0,1,1,0,0,65.3,68.75,0.0,3.04,25.0,0.08581673377580314,0,0,7.0,10892.0,7.0,8.33,2.0,46.7,5.0,100.0,1.0,0.0,0.0,1.0,0.7373,0.0,0.1238,0.0,1.0,0.0,0.1924,0.0,0.0,0.1873,0.0937,100.0,0.0,0.0,0.7391,0.913,0.9918,1,0,0,1,1,0,0,0,0,1,0
CD013421,66.67,0.6666666666666666,0.0,0.52558854986458,0.0,6,4,0.42857142857142855,1,1,1,0,0,40.1,66.67,2.0,3.17,55.0,0.10996667148446533,0,0,21.0,5556.0,6.0,8.33,2.0,40.0,17.0,100.0,1.0,0.0,0.0,1.0,0.0374,1.0,-0.6,1.0,1.0,0.0,0.6196,3.0,2.0,0.6741,0.3553,100.0,1.0,0.0,0.7391,0.8696,0.9775,1,0,0,1,1,0,0,0,0,1,1
CD013425,98.48,0.9848484848484848,0.0,0.1284479291677447,0.0,29,12,1.0,1,1,1,1,0,75.7,98.48,2.0,1.07,25.0,,0,0,6.0,6085.0,5.0,2.78,1.0,23.8,14.0,100.0,1.0,1.0,0.0,1.0,0.0024,1.0,0.3429,1.0,0.0,0.0,0.1723,5.0,2.0,0.5424,0.2107,100.0,1.0,0.0,1.0,0.1739,0.8875,1,0,0,1,0,0,1,0,0,0,0
CD013429,71.11,0.7111111111111111,0.0,0.0589352120942194,0.0,6,16,0.4,1,0,1,0,0,84.5,71.11,,2.2,10.0,,0,0,8.0,1363.0,,,,,,,,,,,,,,,,,,,,,,,,,1.0,0.0833,0.9874,1,0,0,1,0,0,1,0,0,0,0
CD013445,66.63,0.6662698412698412,0.0,0.1406173879130971,0.0,25,43,0.4722222222222222,1,1,1,1,0,37.1,66.63,3.0,4.34,75.0,0.09508960712210685,0,0,39.0,4088.0,13.0,6.25,3.0,33.3,10.0,100.0,1.0,0.0,0.0,1.0,0.0001,1.0,0.4658,1.0,1.0,0.0,0.2586,0.0,3.0,1.1239,0.5969,50.0,1.0,0.0,0.7391,0.913,0.9461,1,0,0,1,1,0,0,0,0,1,1
CD013456,67.28,0.6727716727716728,0.0,0.1326009755075969,0.2204,9,10,0.5,1,0,0,0,0,57.0,67.28,0.0,1.94,10.0,0.1275625039394931,0,0,25.0,1857.0,10.0,16.67,4.0,83.3,22.0,100.0,1.0,0.0,0.0,1.0,0.3186,0.0,0.1212,0.0,0.0,0.0,0.132,0.0,0.0,0.6981,0.2731,100.0,0.0,1.0,0.913,0.5217,0.6435,1,0,0,1,0,0,1,0,0,1,1
CD013462,55.91,0.0070546737213403,0.0,0.6850527392737324,0.1174,5,9,0.2857142857142857,1,1,1,1,0,51.3,55.91,0.0,3.33,55.0,0.0926198207666815,0,0,11.0,8013.0,,12.5,2.0,,14.0,0.0,0.0,0.0,1.0,0.0,0.2421,0.0,0.1618,0.0,0.0,0.0,0.1865,1.0,0.0,2.3546,1.4553,50.0,0.0,0.0,0.7391,1.0,0.9683,1,1,0,0,1,0,0,0,0,1,1
CD013474,38.1,0.0,0.0,0.2154488072195235,0.1896,4,6,0.13333333333333333,0,1,0,1,0,45.8,38.1,0.0,2.81,50.0,0.13982518903942412,0,0,7.0,1634.0,,0.0,0.0,,3.0,0.0,0.0,0.0,1.0,0.0,0.3467,0.0,-0.3333,0.0,0.0,0.0,0.2263,0.0,0.0,3.5383,2.0196,25.0,0.0,0.0,0.5882,1.0,0.9563,1,0,0,1,0,0,1,0,0,1,1
CD013476,100.0,0.0,0.0,0.2708916701972108,0.0,0,15,0.0,0,0,0,0,0,86.7,100.0,,6.48,0.0,0.08843111303823059,0,0,3.0,85.0,,,,,,,,,,,,,,,,,,,,,,,,,1.0,1.0,1.0,1,0,0,1,0,1,0,0,0,0,0
CD013508,93.33,0.0,0.0,0.3858866977190373,0.0,4,10,0.13333333333333333,1,0,0,0,0,83.6,93.33,,3.38,0.0,0.08843111303823058,0,0,20.0,2531.0,,,,,,,,,,,,,,,,,,,,,,,,,1.0,1.0,0.9749,1,0,0,1,0,0,1,0,0,0,0
CD013539,85.87,0.0,0.0,0.0650912752897977,0.0095,3,15,0.2727272727272727,1,0,0,0,0,82.1,85.87,0.0,1.05,20.0,0.15804543572289564,0,0,9.0,4941.0,,0.0,0.0,,4.0,0.0,0.0,0.0,1.0,0.0,0.2869,0.0,-0.0591,0.0,0.0,0.0,0.0,2.0,0.0,0.0713,0.0374,100.0,0.0,0.0,0.913,1.0,0.815,1,0,0,1,0,0,1,0,0,0,0
CD013541,100.0,0.0,0.0,0.1260046264501994,0.0,1,5,0.1,1,0,0,0,0,80.0,100.0,0.0,1.25,0.0,0.12242388197346246,0,0,21.0,4048.0,,0.0,0.0,,9.0,0.0,0.0,0.0,1.0,0.0,0.7732,0.0,0.0714,0.0,0.0,0.0,0.0,1.0,0.0,0.6594,0.3691,100.0,0.0,1.0,1.0,1.0,0.9961,1,0,0,1,0,1,0,0,0,0,0
CD013561,88.36,0.0608465608465608,0.0,0.1386107878421524,0.0007,2,10,0.2857142857142857,0,1,0,0,0,75.9,88.36,0.0,2.71,0.0,0.05139407600119354,0,0,2.0,120.0,,12.5,0.0,,4.0,0.0,0.0,0.0,1.0,0.0,0.8231,0.0,-0.2,0.0,0.0,0.0,0.1062,0.0,0.0,1.048,0.5864,100.0,0.0,1.0,1.0,1.0,0.9743,1,0,0,1,0,0,1,0,0,0,0
CD013571,34.6,0.346031746031746,0.0,0.2705297545540952,0.0037,3,8,0.23076923076923078,0,1,1,0,0,42.8,34.6,,3.59,0.0,0.0967540721469546,0,0,8.0,1018.0,,,,,,,,,,,,,,,,,,,,,,,,,0.6944,0.9444,0.9942,1,0,0,1,1,0,0,0,0,1,1
CD013590,77.78,0.0,0.0,0.4432136640238257,0.0,1,8,0.09090909090909091,1,0,0,0,0,67.2,77.78,0.0,1.62,0.0,0.1275352757654042,0,0,15.0,1401.0,,25.0,1.0,,0.0,0.0,0.0,0.0,1.0,0.0,0.2879,0.0,0.4,0.0,0.0,0.0,0.0,1.0,0.0,1.2304,0.648,50.0,0.0,0.0,0.6471,1.0,0.9902,1,0,0,1,1,0,0,0,0,0,0
CD013591,56.46,0.564625850340136,0.0,7.895840219329487,0.3282,3,4,0.3333333333333333,1,0,0,0,0,37.3,56.46,1.0,2.66,50.0,0.08691124092038491,0,0,6.0,1901.0,,5.0,1.0,,9.0,50.0,0.0,0.0,0.0,0.0,0.1689,0.0,0.6154,1.0,0.0,0.0,0.1538,3.0,1.0,0.7285,0.3511,100.0,1.0,0.0,0.6667,0.9275,0.2935,0,0,0,1,0,1,0,0,0,1,1
CD013595,41.67,0.4166666666666667,0.0,0.0459431903875315,0.0,7,10,0.6,0,1,1,0,0,46.1,41.67,,6.48,0.0,0.11736694452969859,0,0,3.0,12666.0,,,,,,,,,,,,,,,,,,,,,,,,,0.6111,0.4444,0.999,1,0,0,1,0,0,0,1,0,1,1
CD013613,75.0,0.0,0.0,0.0992457709984323,0.0,1,6,0.06666666666666667,0,1,0,0,0,75.0,75.0,,6.48,0.0,0.1714026279674085,0,0,6.0,288.0,,,,,,,,,,,,,,,,,,,,,,,,,0.5,0.5833,0.9678,1,0,0,1,0,0,1,0,0,0,0
CD013614,100.0,1.0,0.0,0.3046467118162788,0.0,40,38,0.41304347826086957,1,1,1,1,0,74.0,100.0,3.0,3.64,40.0,0.11619527672896392,0,0,22.0,9502.0,3.0,0.0,0.0,20.0,18.0,100.0,1.0,1.0,0.0,1.0,0.0256,1.0,0.3333,1.0,1.0,0.0,0.9329,0.0,3.0,0.5086,0.2002,100.0,1.0,0.0,1.0,0.2609,0.913,1,0,0,1,0,1,0,0,0,0,0
CD013631,91.67,0.0,0.0,0.8506859921539978,0.0,2,22,0.07407407407407407,1,1,0,0,0,82.8,91.67,,9.69,0.0,0.08748119880065089,0,0,13.0,578.0,,,,,,,,,,,,,,,,,,,,,,,,,0.5,0.8333,0.9652,1,0,0,1,0,0,1,0,0,0,0
CD013643,46.94,0.4693877551020408,0.0,0.2478008777385745,0.0939,1,13,0.07142857142857142,0,1,0,0,0,57.7,46.94,0.0,2.71,25.0,0.0879110876400286,0,0,4.0,244.0,5.0,25.0,3.0,83.3,39996.0,100.0,1.0,1.0,0.0,1.0,0.9926,0.0,-0.2,0.0,1.0,0.0,0.4799,0.0,0.0,0.1121,0.0394,100.0,0.0,0.0,0.6863,0.9216,0.5359,1,0,0,1,1,0,0,0,0,1,1
CD013672,66.87,0.0396825396825396,0.0,0.1639769059143417,0.0016,13,6,1.0,1,1,1,0,0,59.7,66.87,0.0,2.99,25.0,0.07915823969192687,0,0,7.0,2519.0,,18.75,0.0,,18.0,0.0,0.0,0.0,1.0,0.0,0.2289,0.0,-0.0476,0.0,0.0,0.0,0.1397,0.0,0.0,1.2733,0.6366,50.0,0.0,0.0,0.6471,1.0,0.9507,1,0,0,1,1,0,0,0,0,1,1
CD013715,33.73,0.3373015873015873,0.0,0.5946619081907242,0.0192,5,23,0.17391304347826086,0,1,1,0,0,33.1,33.73,2.0,2.73,25.0,0.15470225340178262,0,0,6.0,353.0,6.0,37.5,3.0,85.7,14.0,100.0,1.0,0.0,0.0,1.0,0.0261,1.0,0.8095,1.0,0.0,0.0,0.218,1.0,2.0,1.5022,0.791,50.0,1.0,0.0,0.4706,0.9608,0.9869,1,0,0,1,1,0,0,0,0,1,1
CD013719,24.13,0.2412698412698412,0.0,1.3634588768473763,0.1013,6,12,0.4166666666666667,1,1,1,0,0,31.9,24.13,,4.31,30.0,0.0931398461648835,0,0,14.0,2397.0,,,,,,,,,,,,,,,,,,,,,,,,,0.5,0.9444,0.9744,1,0,0,1,0,0,0,1,0,1,1
CD013726,92.43,0.061050061050061,0.0,0.203828862473499,0.1099,5,6,0.5,1,1,0,0,0,71.4,92.43,0.0,3.22,40.0,0.08581673377580314,0,0,8.0,694.0,,2.78,0.0,,13.0,0.0,0.0,0.0,1.0,0.0,0.664,0.0,0.303,0.0,0.0,0.0,0.1597,2.0,0.0,1.6809,1.0245,100.0,0.0,1.0,1.0,1.0,0.9817,1,0,0,1,0,1,0,0,0,0,0
CD013745,36.11,0.3611111111111111,0.0,0.0086566138185084,0.0,2,4,0.2857142857142857,0,1,0,1,0,43.5,36.11,,6.48,0.0,0.10993944331037643,0,0,1.0,13350.0,,,,,,,,,,,,,,,,,,,,,,,,,0.6667,0.3611,1.0,1,0,0,1,0,0,1,0,0,1,1
CD013748,24.69,0.2469135802469135,0.0,0.1803909023062081,0.0,4,15,0.42857142857142855,1,0,1,1,0,43.6,24.69,0.0,1.25,0.0,0.08840388486414168,0,0,8.0,861.0,,10.0,1.0,,11.0,50.0,0.0,0.0,0.0,0.0,0.6844,0.0,0.0364,0.0,0.0,0.0,0.0779,0.0,0.0,0.8187,0.4094,100.0,0.0,1.0,0.8235,0.8235,0.9997,1,0,0,1,1,0,0,0,0,1,1
CD013757,33.79,0.3378684807256236,0.0,0.1266182060439853,0.2071,4,9,0.4,0,1,1,0,0,49.3,33.79,0.0,2.58,50.0,0.09979834024875975,0,0,6.0,3437.0,3.0,8.33,1.0,50.0,20.0,75.0,1.0,1.0,0.0,0.0,0.631,0.0,-0.4667,0.0,1.0,0.0,0.5431,1.0,0.0,0.2163,0.1354,100.0,0.0,0.0,0.7451,0.8235,0.8279,1,0,0,1,0,0,1,0,0,1,1
CD013758,89.52,0.0,0.0,0.0237439097848754,0.0387,2,20,0.08,1,0,0,0,0,77.8,89.52,,2.2,20.0,0.1466782085123665,0,0,11.0,1885.0,,,,,,,,,,,,,,,,,,,,,,,,,1.0,1.0,1.0,1,0,0,1,0,0,1,0,0,0,0
CD013763,66.67,0.6666666666666666,0.0,0.6402340594118033,0.0,11,16,0.7142857142857143,1,0,0,0,0,68.3,66.67,2.0,2.1,0.0,0.0893466647395472,0,0,40.0,3593.0,8.0,8.33,4.0,38.1,3.0,100.0,1.0,0.0,0.0,1.0,0.0078,1.0,-0.5455,1.0,1.0,0.0,0.1837,6.0,2.0,0.9235,0.4873,100.0,1.0,0.0,0.7391,0.3913,0.997,1,0,0,1,1,0,0,0,0,1,0
CD013764,60.0,0.0,0.0,0.0083373799215591,0.0,1,7,0.14285714285714285,0,1,0,0,0,66.0,60.0,,2.2,10.0,0.161555272874725,0,0,6.0,5906.0,,,,,,,,,,,,,,,,,,,,,,,,,0.5,1.0,0.9816,1,0,0,1,1,0,0,0,0,1,0
CD013773,65.28,0.6527777777777778,0.0,0.0292402444633747,0.0,0,0,0.0,0,0,0,0,0,87.8,65.28,0.0,1.31,0.0,0.11464817643702935,0,0,5.0,4839.0,5.0,12.5,1.0,71.4,6.0,100.0,1.0,1.0,0.0,1.0,0.5874,0.0,0.1429,0.0,0.0,0.0,0.0,1.0,0.0,0.2076,0.111,100.0,0.0,0.0,0.7647,0.3725,0.9993,1,0,0,1,1,0,0,0,0,1,0
CD013774,28.57,0.2857142857142857,0.0,0.4379413103459659,0.0494,7,4,0.5,0,1,1,0,1,34.0,28.57,,12.73,30.0,0.0829715149291779,0,0,5.0,3541.0,,,,,,,,,,,,,,,,,,,,,,,,,0.5,0.9444,0.977,1,0,0,1,0,0,0,1,0,1,1
CD013781,55.45,0.5544973544973545,0.0,0.5751484715040521,0.0014,22,21,0.5925925925925926,1,1,1,1,0,44.4,55.45,2.0,1.41,0.0,0.10901675724688564,0,0,26.0,9940.0,8.0,9.09,2.0,57.1,11.0,100.0,1.0,0.0,0.0,1.0,0.0518,1.0,-0.3503,1.0,0.0,0.0,0.0472,4.0,2.0,1.2232,0.6502,50.0,1.0,0.0,0.7101,0.7391,0.9861,1,0,0,1,1,0,0,0,0,1,1
CD013789,87.42,0.1172161172161172,0.0,0.0647800521154933,0.1116,14,12,0.36363636363636365,1,0,0,0,0,69.6,87.42,0.0,3.85,40.0,0.10964117147532942,0,0,4.0,838.0,,1.43,0.0,,16.0,0.0,0.0,0.0,1.0,0.0,0.7653,0.0,0.0944,0.0,1.0,0.0,0.0924,3.0,0.0,0.6018,0.382,100.0,0.0,1.0,0.971,0.971,0.9159,1,0,0,1,1,0,0,0,0,0,0
CD013800,62.55,0.6268221574344023,0.0012957563977972,0.0817094515197203,0.0194,14,25,0.5789473684210527,1,1,1,1,0,47.1,62.55,0.0,6.13,65.0,0.11225555073775688,0,0,2.0,146.0,43.0,9.44,12.0,89.6,22.0,100.0,1.0,0.0,0.0,1.0,0.5417,0.0,-0.0195,0.0,1.0,0.0,0.4375,0.0,0.0,0.5475,0.3224,100.0,0.0,1.0,0.5217,0.9565,0.8842,1,0,0,1,1,0,0,0,0,1,1
CD013816,60.0,0.0666666666666666,0.0,28.01210594795291,0.0,2,12,0.10526315789473684,0,1,0,0,0,68.0,60.0,,2.2,0.0,0.09463249010864022,0,0,8.0,2109.0,,,,,,,,,,,,,,,,,,,,,,,,,1.0,1.0,1.0,1,0,0,1,0,0,1,0,0,1,0
CD013821,75.43,0.2256728778467908,0.0027605244996549,0.0417233375965367,0.1676,8,6,0.2727272727272727,1,1,1,1,0,69.4,75.43,0.0,4.38,80.0,0.13849984231064455,0,0,6.0,3335.0,8.0,11.18,6.0,36.4,15.0,75.0,1.0,0.0,0.0,0.0,0.8108,0.0,-0.1255,0.0,1.0,0.0,0.4437,1.0,0.0,0.2562,0.1917,100.0,0.0,0.0,0.8261,0.971,0.9401,1,0,0,1,0,1,0,0,0,0,0
CD013822,52.18,0.5218253968253969,0.0,0.5095864407574129,0.1416,4,7,0.3,1,1,1,0,0,32.8,52.18,2.0,3.53,70.0,0.08311805949504864,0,0,8.0,6840.0,4.0,6.25,3.0,26.7,18.0,100.0,1.0,1.0,0.0,1.0,0.0005,1.0,0.5238,1.0,1.0,0.0,0.5327,2.0,2.0,1.2351,0.6202,75.0,1.0,0.0,0.5072,0.942,0.711,1,0,0,1,1,0,0,0,0,1,1
CD013827,71.11,0.0,0.0,0.4413110176306274,0.0,6,16,0.42857142857142855,1,0,0,0,0,64.9,71.11,0.0,1.91,0.0,0.08329249107219996,0,0,5.0,1820.0,,13.64,2.0,,3.0,0.0,0.0,0.0,1.0,0.0,0.3775,0.0,-0.3407,0.0,0.0,0.0,0.0,1.0,0.0,2.4954,1.2885,50.0,0.0,0.0,0.7391,1.0,0.9981,1,0,0,1,1,0,0,0,0,0,0
CD013830,98.81,0.0119047619047619,0.0,0.0738571835333828,0.002,9,23,0.36363636363636365,0,1,1,0,0,78.1,98.81,0.0,1.31,10.0,0.16397512674808634,0,0,3.0,3776.0,,25.0,2.0,,28.0,0.0,0.0,0.0,1.0,0.0,0.4283,0.0,0.0476,0.0,0.0,0.0,0.0,1.0,0.0,0.3435,0.1851,100.0,0.0,1.0,1.0,1.0,0.7173,1,0,0,1,0,0,1,0,0,0,0
CD013834,62.96,0.0,0.0,0.1242980501070147,0.0,0,4,0.0,0,0,0,0,0,62.5,62.96,0.0,3.0,30.0,0.09413969288452714,0,0,18.0,1497.0,,0.0,0.0,,0.0,0.0,0.0,0.0,1.0,0.0,0.9636,0.0,0.0,0.0,0.0,0.0,0.1847,0.0,0.0,2.0679,1.4532,100.0,0.0,1.0,1.0,1.0,0.9998,1,0,0,1,0,0,1,0,0,1,0
CD013844,71.11,0.0222222222222222,0.0,0.5426740638413815,0.0,4,6,0.2727272727272727,1,1,0,1,0,64.9,71.11,0.0,1.21,0.0,0.11113833928520005,0,0,11.0,9650.0,,0.0,0.0,,6.0,0.0,0.0,0.0,1.0,0.0,0.5663,0.0,-0.0556,0.0,0.0,0.0,0.0,0.0,0.0,1.4131,0.7066,50.0,0.0,0.0,0.6471,1.0,0.9953,1,0,0,1,1,0,0,0,0,0,0
CD013874,93.33,0.0,0.0,0.5850083410353115,0.0,18,10,0.75,1,1,1,0,1,83.6,93.33,,2.2,0.0,0.11265821140304569,0,0,14.0,7168.0,,,,,,,,,,,,,,,,,,,,,,,,,1.0,1.0,0.9994,1,0,0,1,1,0,0,0,0,0,0
CD013875,66.67,0.6666666666666666,0.0,0.5437055875201143,0.0,5,19,0.2777777777777778,0,1,1,0,0,58.3,66.67,0.0,2.13,0.0,0.13316669495554787,0,0,3.0,299.0,5.0,14.58,3.0,55.6,2.0,100.0,1.0,1.0,0.0,1.0,0.4547,0.0,-0.1667,0.0,1.0,0.0,0.286,0.0,0.0,0.8897,0.4448,100.0,0.0,1.0,0.6471,0.8235,0.9996,1,0,0,1,1,0,0,0,0,1,1
CD014040,45.71,0.4571428571428571,0.0,0.1204740121964463,0.2814,4,13,0.2,1,1,1,0,0,32.0,45.71,1.0,3.45,60.0,0.1424395683018516,0,0,12.0,7313.0,4.0,6.82,4.0,28.6,11.0,100.0,1.0,1.0,0.0,1.0,0.1709,0.0,0.4505,1.0,1.0,0.0,0.4013,0.0,1.0,0.8816,0.4808,100.0,1.0,0.0,0.5942,0.9275,0.956,1,0,0,1,1,0,0,0,0,1,1
CD014089,16.33,0.1632653061224489,0.0,0.0884285999612195,0.0136,8,8,0.7272727272727273,0,0,0,0,1,50.7,16.33,0.0,1.42,0.0,0.14667820851236646,0,0,,,,50.0,3.0,,7.0,50.0,0.0,0.0,0.0,0.0,0.906,0.0,-0.0667,0.0,0.0,0.0,0.0,0.0,0.0,0.1545,0.0772,100.0,0.0,0.0,0.8235,0.8235,0.9975,1,0,0,0,0,0,0,1,0,1,1
CD014145,91.61,0.0090702947845804,0.0,0.2919142376679061,0.0428,0,10,0.0,0,0,0,0,0,77.1,91.61,0.0,2.17,0.0,0.14044960326786793,0,0,5.0,171.0,,0.0,0.0,,10.0,0.0,0.0,0.0,1.0,0.0,0.7693,0.0,-0.3333,0.0,0.0,0.0,0.0,0.0,0.0,0.9858,0.4929,100.0,0.0,1.0,1.0,1.0,0.9618,1,0,0,1,0,0,1,0,0,0,0
CD014300,80.16,0.0793650793650793,0.0,0.124198913684287,0.0072,2,28,0.07142857142857142,0,1,0,1,0,59.6,80.16,0.0,3.14,90.0,0.11372549037353857,0,0,3.0,3378.0,,14.58,2.0,,6.0,12.5,0.0,0.0,1.0,0.0,0.965,0.0,-0.1111,0.0,1.0,0.0,0.3252,1.0,0.0,0.9321,0.7657,100.0,0.0,1.0,0.9804,0.9804,0.9045,1,0,0,1,1,0,0,0,0,0,1
CD014428,93.2,0.9319727891156464,0.0,5.074299391769317,0.0031,2,6,0.14285714285714285,1,0,0,0,0,60.1,93.2,0.0,3.25,50.0,0.07654386042949941,0,0,13.0,1548.0,4.0,25.0,2.0,66.7,7.0,100.0,1.0,1.0,0.0,1.0,0.2188,0.0,0.2,0.0,1.0,0.0,0.6667,0.0,0.0,0.5245,0.2202,100.0,0.0,1.0,1.0,0.7647,0.8316,1,0,0,1,0,0,1,0,0,0,0
CD014541,49.21,0.492063492063492,0.0,0.5376280640864114,0.0137,6,21,0.21428571428571427,0,1,0,0,0,52.2,49.21,0.0,2.37,0.0,0.11676975847534371,0,0,4.0,24773.0,3.0,0.0,0.0,60.0,5.0,100.0,1.0,1.0,0.0,1.0,0.6305,0.0,0.2,0.0,0.0,0.0,0.3399,1.0,0.0,0.8174,0.4345,100.0,0.0,1.0,0.6471,0.7647,0.9999,1,0,0,1,1,0,0,0,0,1,1
CD014544,41.39,0.0,0.0,0.0810487825497642,0.1885,8,7,0.6666666666666666,1,1,1,1,0,68.0,41.39,0.0,2.16,10.0,0.08386697281857977,0,0,6.0,2231.0,,0.0,0.0,,0.0,0.0,0.0,0.0,1.0,0.0,0.8703,0.0,0.1385,0.0,0.0,0.0,0.0,0.0,0.0,0.0481,0.0241,50.0,0.0,0.0,0.7391,1.0,0.6623,1,0,0,1,0,1,0,0,0,1,0
CD014585,30.77,0.4615384615384615,0.0,0.1031877139533299,0.2881,7,6,0.5,0,1,1,1,0,36.0,30.77,1.0,2.74,65.0,0.0970795721560905,0,0,8.0,12049.0,,2.78,0.0,,14.0,25.0,0.0,0.0,1.0,0.0,0.1693,0.0,0.4545,1.0,1.0,0.0,0.3075,2.0,1.0,1.9409,0.8993,100.0,1.0,0.0,0.6522,0.9275,0.612,1,0,0,1,0,1,0,0,0,1,1
CD014594,95.83,0.9583333333333334,0.0,0.1563947869743573,0.0,6,5,0.4,1,1,0,1,0,96.3,95.83,0.0,3.06,15.0,0.11739417270378749,0,0,9.0,37060.0,3.0,6.25,1.0,42.9,4.0,100.0,1.0,1.0,0.0,1.0,0.4203,0.0,-0.2381,0.0,1.0,0.0,0.8571,0.0,0.0,0.3422,0.1174,100.0,0.0,0.0,1.0,0.0,0.972,1,0,0,1,0,0,1,0,0,0,0
CD014617,58.33,0.0,0.0,0.4413068157981092,0.098,0,6,0.0,0,0,0,0,0,63.2,58.33,,7.42,20.0,0.14986706952117373,0,0,3.0,971.0,,,,,,,,,,,,,,,,,,,,,,,,,0.5,0.75,0.8779,1,0,0,1,0,0,1,0,0,1,0
CD014624,66.67,0.6666666666666666,0.0,0.1341922440030292,0.0,12,11,0.7,1,0,1,1,1,65.3,66.67,1.0,1.63,20.0,0.07292963444742831,0,0,6.0,7756.0,9.0,6.43,6.0,23.7,1.0,100.0,1.0,0.0,0.0,1.0,0.0314,1.0,0.182,0.0,0.0,0.0,0.0306,4.0,1.0,0.8852,0.4537,100.0,1.0,0.0,0.7101,0.4783,0.9747,1,0,0,1,1,0,0,0,0,1,0
CD014666,76.87,0.0,0.0,0.0986679822456651,0.0271,8,2,0.8,1,0,0,0,0,59.9,76.87,0.0,3.03,80.0,0.11434990460198234,0,0,11.0,5638.0,,8.33,0.0,,8.0,0.0,0.0,0.0,1.0,0.0,0.9625,0.0,-0.2,0.0,0.0,0.0,0.3563,0.0,0.0,2.525,0.636,75.0,0.0,1.0,1.0,1.0,0.439,1,0,0,1,0,0,1,0,0,0,1
CD014678,43.72,0.4372294372294372,0.0,0.0676416698721518,0.1558,13,6,0.75,1,1,1,1,0,48.8,43.72,0.0,1.94,10.0,0.1302812720321623,0,0,6.0,123202.0,9.0,17.86,3.0,90.0,7.0,100.0,1.0,0.0,0.0,1.0,0.418,0.0,0.0,0.0,0.0,0.0,0.1521,1.0,0.0,0.5819,0.3232,100.0,0.0,1.0,0.6667,0.7681,0.9598,1,0,0,1,0,1,0,0,0,1,1
CD014688,53.97,0.0888888888888888,0.0,2.6367701070851397,0.0686,2,1,0.5,1,0,0,0,0,59.2,53.97,,4.81,30.0,0.1015671941038493,0,0,6.0,2190.0,,,,,,,,,,,,,,,,,,,,,,,,,0.4444,0.9167,0.9946,1,0,0,1,1,0,0,0,0,1,1
CD014713,56.35,0.0,0.0,0.2442454927957206,0.0266,3,4,0.5,0,1,0,1,0,71.7,56.35,0.0,2.88,20.0,0.12100839868585861,0,0,6.0,5666.0,,0.0,0.0,,6.0,0.0,0.0,0.0,1.0,0.0,0.6939,0.0,0.0,0.0,0.0,0.0,0.1018,1.0,0.0,0.0793,0.0542,25.0,0.0,0.0,0.5294,1.0,0.6872,1,0,0,1,1,0,0,0,0,1,0
CD014722,59.18,0.5918367346938775,0.0,0.1387251914144182,0.0089,2,17,0.09523809523809523,1,0,0,0,0,54.2,59.18,0.0,2.14,10.0,0.07978265392037065,0,0,26.0,7614.0,6.0,33.33,1.0,100.0,8.0,100.0,1.0,0.0,0.0,1.0,0.4204,0.0,0.0667,0.0,0.0,0.0,0.3093,0.0,0.0,0.5468,0.2734,100.0,0.0,1.0,0.8824,0.902,0.9828,1,0,0,1,1,0,0,0,0,1,1
CD014736,93.33,0.0,0.0,0.2475053066736365,0.0,1,3,0.16666666666666666,0,1,0,0,0,83.6,93.33,,2.2,0.0,0.15018804566419583,0,0,3.0,414.0,,,,,,,,,,,,,,,,,,,,,,,,,1.0,1.0,0.9963,1,0,0,1,0,0,1,0,0,0,0
CD014741,25.85,0.2585034013605442,0.0,0.1154662060482572,0.1779,3,8,0.3333333333333333,1,0,1,0,0,31.0,25.85,1.0,2.54,20.0,0.0967540721469546,0,0,22.0,14689.0,6.0,6.25,2.0,46.2,9.0,87.5,1.0,0.0,0.0,0.0,0.1309,0.0,0.3846,1.0,0.0,0.0,0.1091,2.0,1.0,0.9347,0.4976,100.0,1.0,0.0,0.7826,0.971,0.8652,1,0,0,1,1,0,0,0,0,1,1
CD014758,68.12,0.6811594202898551,0.0,0.0700192639330948,0.0,2,10,0.2,1,0,0,0,0,53.6,68.12,0.0,3.76,35.0,0.08843111303823059,0,0,75.0,18847.0,9.0,5.26,3.0,40.9,33.0,100.0,1.0,0.0,0.0,1.0,0.3806,0.0,0.2527,0.0,1.0,0.0,0.404,0.0,0.0,0.3827,0.2173,100.0,0.0,1.0,0.7391,0.913,0.9858,1,0,0,1,1,0,0,0,0,1,1
CD014762,86.31,0.0,0.0,0.0651676521705165,0.0072,6,2,0.8,0,1,1,1,0,72.2,86.31,0.0,2.41,20.0,0.13588546304821708,0,0,4.0,1697.0,,0.0,0.0,,2.0,0.0,0.0,0.0,1.0,0.0,0.7263,0.0,-0.2,0.0,0.0,0.0,0.0992,1.0,0.0,0.7381,0.4617,100.0,0.0,1.0,1.0,1.0,0.6707,1,0,0,1,1,0,0,0,0,0,0
CD014763,66.67,0.6666666666666666,0.0,1.9656772090629104,0.0,7,5,0.5,1,1,0,1,0,63.8,66.67,2.0,1.21,30.0,,0,0,9.0,1260.0,4.0,8.33,1.0,44.4,8.0,100.0,1.0,1.0,0.0,1.0,0.0165,1.0,-0.7778,1.0,0.0,0.0,0.5874,3.0,2.0,1.1317,0.5852,50.0,1.0,0.0,0.6471,0.4118,0.9995,1,0,0,1,1,0,0,0,0,1,0
CD014769,54.99,0.5498866213151927,0.0,0.031760853935201,0.0112,19,36,0.5,1,1,1,1,0,59.0,54.99,0.0,1.55,35.0,0.07915823969192687,0,0,27.0,122601.0,25.0,8.33,4.0,92.6,21.0,100.0,1.0,0.0,0.0,1.0,0.8709,0.0,0.097,0.0,0.0,0.0,0.0733,2.0,0.0,0.1625,0.101,100.0,0.0,0.0,0.6087,0.9275,0.7772,1,0,0,1,1,0,0,0,0,1,1
CD014792,100.0,0.0,0.0,0.187859909543495,0.0,2,7,0.1,0,1,0,1,0,80.0,100.0,0.0,1.15,0.0,0.13379110918399167,0,0,6.0,797.0,,0.0,0.0,,14.0,0.0,0.0,0.0,1.0,0.0,0.6602,0.0,-0.037,0.0,0.0,0.0,0.0,0.0,0.0,0.5807,0.2903,100.0,0.0,1.0,1.0,1.0,0.9999,1,0,0,1,0,1,0,0,0,0,0
CD014803,55.56,0.0,0.0,0.4296957753214735,0.0,0,3,0.0,0,0,0,0,0,64.4,55.56,0.0,1.62,0.0,0.15684653974807208,0,0,5.0,413.0,,0.0,0.0,,1.0,0.0,0.0,0.0,1.0,0.0,0.8663,0.0,0.2,0.0,0.0,0.0,0.0,1.0,0.0,4.154,2.3945,75.0,0.0,1.0,0.7059,1.0,0.9997,1,0,0,1,0,0,1,0,0,1,0
CD014811,93.33,0.0,0.0,0.3278468977419932,0.0,0,2,0.0,0,0,0,0,0,83.6,93.33,,2.44,0.0,0.09884842601118007,0,0,5.0,875.0,,,,,,,,,,,,,,,,,,,,,,,,,1.0,1.0,0.9573,1,0,0,1,0,0,1,0,0,0,0
CD014820,57.67,0.0,0.0,0.049203958836108,0.0026,6,9,0.5,1,0,0,1,0,48.4,57.67,1.0,2.06,45.0,0.08187700778459611,0,0,19.0,38887.0,,0.0,0.0,,14.0,0.0,0.0,0.0,1.0,0.0,0.5537,0.0,0.3382,1.0,0.0,0.0,0.0784,3.0,1.0,2.3277,1.2441,50.0,1.0,0.0,0.7391,1.0,0.7487,1,0,0,1,1,0,0,0,0,1,1
CD014833,66.14,0.0608465608465608,0.0,0.3704633327466851,0.02,2,15,0.15384615384615385,0,1,0,0,0,59.4,66.14,0.0,3.09,25.0,0.12494812467706565,0,0,2.0,90.0,,12.5,0.0,,7.0,25.0,0.0,0.0,1.0,0.0,0.2236,0.0,0.6,0.0,0.0,0.0,0.1876,1.0,0.0,1.4328,0.7473,50.0,0.0,0.0,0.4902,0.9608,0.9599,1,0,0,1,1,0,0,0,0,1,1
CD014844,62.13,0.0317460317460317,0.0,0.385886001586138,0.002,1,12,0.08333333333333333,0,1,0,0,0,55.2,62.13,1.0,2.62,10.0,0.08397136164882157,1,2,6.0,4371.0,,0.0,0.0,,26.0,0.0,0.0,0.0,1.0,0.0,0.3326,0.0,-0.7333,1.0,0.0,0.0,0.0951,1.0,1.0,1.8409,0.9571,50.0,1.0,0.0,0.6471,1.0,0.9878,1,0,0,1,1,0,0,0,1,1,1
CD014845,64.4,0.6439909297052154,0.0,0.0299885392725918,0.0037,0,12,0.0,0,0,0,0,0,60.0,64.4,2.0,1.88,50.0,0.0770638858277014,0,0,16.0,15606.0,7.0,5.88,1.0,35.0,11.0,100.0,1.0,0.0,0.0,1.0,0.0173,1.0,-0.2834,1.0,0.0,0.0,0.199,5.0,2.0,0.5942,0.328,100.0,1.0,0.0,0.6957,0.5652,0.8846,1,0,0,1,1,0,0,0,0,1,0
CD014852,65.4,0.0126984126984126,0.0,1.04093560238182,0.0018,9,20,0.32142857142857145,1,1,0,0,0,67.5,65.4,,4.19,15.0,0.07554401370985574,0,0,18.0,5811.0,,,,,,,,,,,,,,,,,,,,,,,,,0.5,1.0,0.9349,1,0,0,1,1,0,0,0,0,1,0
CD014855,86.31,0.0,0.0,0.4116206195236901,0.003,5,8,0.6666666666666666,1,1,1,1,0,73.0,86.31,0.0,2.74,15.0,0.1310723410913224,0,0,7.0,1743.0,,0.0,0.0,,31.0,0.0,0.0,0.0,1.0,0.0,0.714,0.0,0.1952,0.0,0.0,0.0,0.1198,0.0,0.0,6.925,3.7797,100.0,0.0,1.0,1.0,1.0,0.993,1,0,0,1,0,0,1,0,0,0,0
CD014861,43.17,0.0444444444444444,0.0,0.8589180945453638,0.0333,0,12,0.0,0,0,0,0,0,57.1,43.17,,3.92,15.0,0.12451823583768792,0,0,2.0,217.0,,,,,,,,,,,,,,,,,,,,,,,,,0.5,0.9444,0.9995,1,0,0,1,1,0,0,0,0,1,1
CD014869,83.6,0.0,0.0,0.0178817579606784,0.0024,2,8,0.14285714285714285,0,1,0,1,0,67.5,83.6,0.0,2.26,45.0,0.07050978057406693,0,0,8.0,1364.0,,2.5,0.0,,10.0,0.0,0.0,0.0,1.0,0.0,0.6591,0.0,-0.2143,0.0,0.0,0.0,0.1515,0.0,0.0,0.6471,0.3235,100.0,0.0,1.0,1.0,1.0,0.4803,1,0,0,1,1,0,0,0,0,0,0
CD014871,65.96,0.6596119929453262,0.0,0.0370063955223744,0.0006,0,65,0.0,0,0,0,0,0,65.8,65.96,0.0,2.9,15.0,0.08571234494556132,0,0,2.0,94.0,7.0,20.0,2.0,87.5,10.0,100.0,1.0,0.0,0.0,1.0,0.9334,0.0,0.3706,0.0,1.0,0.0,0.4395,0.0,0.0,0.1473,0.1083,100.0,0.0,0.0,0.6471,0.9412,0.9975,1,0,0,1,1,0,0,0,0,1,0
CD014872,69.05,0.6904761904761905,0.0,0.2775873517135394,0.0,9,21,0.4666666666666667,1,1,1,1,0,89.2,69.05,0.0,2.71,0.0,0.07706388582770142,0,0,35.0,8911.0,4.0,5.0,1.0,30.8,7.0,100.0,1.0,1.0,0.0,1.0,0.5029,0.0,0.1282,0.0,1.0,0.0,0.7252,1.0,0.0,0.2982,0.1726,100.0,0.0,0.0,0.7391,0.2609,0.9991,1,0,0,1,1,0,0,0,0,1,0
CD014889,37.04,0.3703703703703703,0.0,0.2234456413713615,0.0,1,6,0.2,0,0,1,0,0,48.0,37.04,0.0,1.62,0.0,0.12484373584682386,0,0,6.0,390.0,5.0,25.0,1.0,100.0,11.0,100.0,1.0,1.0,0.0,1.0,0.625,0.0,-0.6,0.0,0.0,0.0,0.1011,1.0,0.0,0.449,0.2324,100.0,0.0,1.0,0.5686,0.4706,0.9999,1,0,0,1,1,0,0,0,0,1,1
CD014914,65.55,0.6554621848739496,0.0,0.2147562583187032,0.0007,12,14,0.5384615384615384,1,1,1,1,0,44.9,65.55,2.0,2.73,20.0,0.09465971828272914,0,0,27.0,10221.0,4.0,7.69,3.0,25.0,28.0,100.0,1.0,1.0,0.0,1.0,0.0105,1.0,0.4667,1.0,1.0,0.0,0.2043,2.0,2.0,0.8893,0.4948,100.0,1.0,0.0,0.7246,0.9275,0.9439,1,0,0,1,1,0,0,0,0,1,1
CD014923,30.56,0.3055555555555556,0.0,0.869753512749361,0.0,2,5,0.25,1,0,1,0,0,40.9,30.56,,9.72,0.0,0.10692240338266018,0,0,3.0,517.0,,,,,,,,,,,,,,,,,,,,,,,,,0.8333,0.9722,0.9992,1,0,0,1,0,0,0,1,0,1,1
CD014932,88.29,0.117063492063492,0.0,0.541624196803915,0.2879,0,4,0.0,0,0,0,0,0,72.2,88.29,0.0,3.04,25.0,0.10996667148446534,0,0,9.0,1649.0,,12.5,0.0,,11.0,25.0,0.0,0.0,1.0,0.0,0.7725,0.0,0.1429,0.0,0.0,0.0,0.2634,1.0,0.0,0.4762,0.3045,100.0,0.0,1.0,0.9216,0.9608,0.989,1,0,0,1,0,1,0,0,0,0,0
CD014935,75.0,0.0,0.0,0.3056076236131071,0.0,4,11,0.36363636363636365,0,1,0,0,0,75.0,75.0,,6.48,0.0,0.1842897272957833,0,0,3.0,123.0,,,,,,,,,,,,,,,,,,,,,,,,,1.0,1.0,1.0,1,0,0,1,0,0,1,0,0,0,0
CD014937,65.25,0.652452025586354,0.0,0.3075086747874127,0.0022,30,27,0.5909090909090909,1,1,1,1,0,38.1,65.25,2.0,5.35,65.0,0.11739417270378749,0,0,46.0,6815.0,3.0,0.0,0.0,4.5,37.0,100.0,1.0,1.0,0.0,1.0,0.0027,1.0,-0.3431,1.0,1.0,0.0,0.2946,0.0,2.0,0.981,0.4905,100.0,1.0,0.0,0.5217,0.9565,0.8897,1,0,0,1,1,0,0,0,0,1,1
CD014941,73.33,0.7333333333333333,0.0,0.8497882678084375,0.0,9,27,0.3333333333333333,0,1,1,0,0,87.6,73.33,,2.32,0.0,0.09285650189137652,0,0,2.0,605.0,,,,,,,,,,,,,,,,,,,,,,,,,0.5,0.5833,1.0,1,0,0,1,1,0,0,0,0,0,0
CD014944,48.81,0.0833333333333333,0.0,0.275392528410718,0.051,3,5,0.4,0,1,0,1,0,59.8,48.81,,11.02,15.0,0.0726041344382924,0,0,4.0,1210.0,,,,,,,,,,,,,,,,,,,,,,,,,1.0,1.0,0.9495,1,0,0,1,0,0,1,0,0,1,1
CD014959,51.85,0.0052910052910052,0.0,1.0696659311295205,0.2198,13,15,0.6875,0,1,1,0,0,50.6,51.85,0.0,3.26,50.0,0.10330817740058908,0,0,2.0,919.0,,0.0,0.0,,18.0,0.0,0.0,0.0,1.0,0.0,0.1044,0.0,-0.6,0.0,0.0,0.0,0.3123,1.0,0.0,1.7327,0.9643,50.0,0.0,0.0,0.5882,1.0,0.8729,1,0,0,1,1,0,0,0,0,1,1
CD014960,75.0,0.0,0.0,0.6225507426905488,0.0,0,8,0.0,0,0,0,0,0,75.0,75.0,,7.69,0.0,0.13379110918399165,0,0,5.0,715.0,,,,,,,,,,,,,,,,,,,,,,,,,1.0,1.0,0.9646,1,0,0,1,0,0,1,0,0,0,0
CD014964,66.67,0.6666666666666666,0.0,0.3354856665698401,0.0,17,8,0.8571428571428571,1,1,1,1,0,38.6,66.67,3.0,5.93,65.0,0.1424395683018516,0,0,62.0,24760.0,11.0,3.68,4.0,20.4,0.0,100.0,1.0,0.0,0.0,1.0,0.0,1.0,0.525,1.0,1.0,0.0,0.5105,7.0,3.0,1.1975,0.6768,50.0,1.0,0.0,0.7391,0.913,0.9705,1,0,0,1,1,0,0,0,0,1,1
CD014965,81.48,0.8148148148148148,0.0,0.0948107878202431,0.0,3,51,0.1111111111111111,1,0,1,0,0,93.5,81.48,0.0,1.25,0.0,0.11736694452969859,0,0,16.0,1844.0,4.0,10.0,1.0,50.0,8.0,100.0,1.0,1.0,0.0,1.0,0.8606,0.0,-0.0714,0.0,0.0,0.0,0.2789,0.0,0.0,0.0621,0.0179,100.0,0.0,0.0,1.0,0.1765,0.4797,1,0,0,1,1,0,0,0,0,0,0
CD014966,75.59,0.2441160372194855,0.0,0.0174357128874748,0.4337,5,7,0.5,0,1,1,1,0,48.0,75.59,2.0,4.38,90.0,0.08397136164882157,0,0,26.0,179498.0,,9.0,4.0,,13.0,25.0,0.0,0.0,1.0,0.0,0.8622,0.0,0.2425,1.0,1.0,0.0,0.4962,4.0,2.0,0.8968,0.3871,100.0,1.0,0.0,0.9275,0.9565,0.8144,1,0,0,1,0,1,0,0,0,0,1
CD014967,100.0,0.0,0.0,0.4129580642121805,0.0,4,17,0.125,0,1,0,1,0,80.0,100.0,0.0,1.62,0.0,0.11619527672896392,0,0,13.0,1267.0,,0.0,0.0,,3.0,0.0,0.0,0.0,1.0,0.0,0.4401,0.0,-0.4,0.0,0.0,0.0,0.0,1.0,0.0,1.6669,0.8642,100.0,0.0,1.0,1.0,1.0,0.9981,1,0,0,1,0,1,0,0,0,0,0
CD015003,5.77,0.0577200577200577,0.0,0.6604481984278033,0.0309,5,7,0.5,1,1,1,0,0,25.5,5.77,1.0,2.24,10.0,0.0926198207666815,0,0,9.0,1277.0,,19.64,1.0,,30.0,37.5,0.0,0.0,1.0,0.0,0.0175,1.0,0.2889,0.0,0.0,0.0,0.0,3.0,1.0,1.2861,0.7262,50.0,1.0,0.0,0.6667,1.0,0.9238,1,0,0,1,0,0,1,0,0,1,1
CD015014,37.33,0.0,0.0,0.1225404535194879,0.0,16,44,0.2708333333333333,1,1,0,0,1,45.1,37.33,2.0,1.06,20.0,0.08217527961964312,0,0,7.0,1276.0,,0.0,0.0,,17.0,0.0,0.0,0.0,1.0,0.0,0.0743,1.0,0.3188,1.0,0.0,0.0,0.0,5.0,2.0,3.8951,2.1654,50.0,1.0,0.0,0.5217,1.0,0.9843,1,0,0,1,1,0,0,0,0,1,1
CD015033,10.16,0.1015873015873015,0.0,0.1878323437838324,0.0168,8,31,0.34782608695652173,1,1,0,0,0,28.4,10.16,,2.73,15.0,0.10602694549325832,0,0,11.0,1059.0,,,,,,,,,,,,,,,,,,,,,,,,,0.5,0.9167,0.9989,1,0,0,1,0,0,0,1,0,1,1
CD015038,56.98,0.5698412698412698,0.0,3.5671361087264835,0.0218,7,11,0.25,1,1,1,0,0,44.9,56.98,1.0,1.9,0.0,0.10450707337541267,0,0,8.0,4848.0,6.0,14.58,3.0,66.7,6.0,100.0,1.0,0.0,0.0,1.0,0.2764,0.0,0.5,1.0,0.0,0.0,0.1607,0.0,1.0,2.5563,1.2781,100.0,1.0,0.0,0.6471,0.9412,0.9999,1,0,0,1,1,0,0,0,0,1,1
CD015040,52.58,0.0515873015873015,0.0,0.7214620991139356,0.0693,3,2,0.75,1,0,0,0,0,51.2,52.58,1.0,2.88,15.0,0.1257171318125115,0,0,6.0,623.0,,37.5,4.0,,2.0,0.0,0.0,0.0,1.0,0.0,0.0303,1.0,-0.4286,0.0,0.0,0.0,0.1234,0.0,1.0,2.4995,1.2498,50.0,1.0,0.0,0.6471,0.9804,0.9811,1,0,0,1,1,0,0,0,0,1,1
CD015042,70.83,0.0,0.0,0.0342808664849397,0.0,0,4,0.0,0,0,0,0,0,63.3,70.83,0.0,1.31,10.0,0.1424395683018516,0,0,3.0,378.0,,0.0,0.0,,7.0,0.0,0.0,0.0,1.0,0.0,0.1187,0.0,-0.3333,0.0,0.0,0.0,0.0,2.0,0.0,1.9448,1.0605,50.0,0.0,0.0,0.6471,1.0,0.9981,1,0,0,1,1,0,0,0,0,0,0
CD015064,63.49,0.0317460317460317,0.0,0.8492845905875293,0.0109,2,1,1.0,0,1,1,0,0,63.6,63.49,,4.42,30.0,0.15228239952842126,0,0,11.0,8382.0,,,,,,,,,,,,,,,,,,,,,,,,,0.5,0.9722,0.9844,1,0,0,1,1,0,0,0,0,1,0
CD015083,93.28,0.9327731092436976,0.0,0.0508067445661445,0.0961,6,12,0.5,1,0,0,0,0,59.4,93.28,0.0,5.99,55.0,0.12494812467706565,0,0,19.0,116588.0,12.0,2.34,2.0,17.9,27.0,100.0,1.0,0.0,0.0,1.0,0.2275,0.0,-0.0027,0.0,1.0,0.0,0.235,0.0,0.0,0.6556,0.246,100.0,0.0,1.0,1.0,0.8696,0.9495,1,0,0,1,1,0,0,0,0,0,1
CD015087,84.13,0.0753968253968253,0.0,0.2055491632520874,0.0127,10,14,0.4375,0,1,0,1,0,71.4,84.13,0.0,2.35,20.0,0.13436559093037145,0,0,15.0,992.0,,31.25,2.0,,0.0,25.0,0.0,0.0,1.0,0.0,0.3814,0.0,-0.4286,0.0,0.0,0.0,0.1281,0.0,0.0,0.8238,0.4119,100.0,0.0,1.0,0.9412,0.9412,0.9304,1,1,0,0,0,0,1,0,0,0,0
CD015120,94.44,0.0,0.0,0.4189134795442313,0.0,2,2,0.5,1,0,0,0,1,68.1,94.44,2.0,1.62,0.0,0.16003540075687933,0,0,46.0,58623.0,,0.0,0.0,,7.0,0.0,0.0,0.0,1.0,0.0,0.0421,1.0,0.8,1.0,0.0,0.0,0.0,2.0,2.0,10.2505,3.9139,100.0,1.0,0.0,0.8824,0.902,0.99,1,0,0,1,0,0,1,0,0,0,0
CD015122,46.83,0.4682539682539682,0.0,1.6415760743348224,0.003,2,31,0.07692307692307693,0,1,0,0,0,41.4,46.83,1.0,2.18,0.0,0.09313984616488348,0,0,10.0,1753.0,8.0,8.33,1.0,88.9,4.0,100.0,1.0,0.0,0.0,1.0,0.0285,1.0,-0.4226,0.0,0.0,0.0,0.1918,2.0,1.0,2.3334,1.2072,50.0,1.0,0.0,0.6471,0.9412,0.9992,1,0,0,1,1,0,0,0,0,1,1
CD015124,96.3,0.9629629629629628,0.0,0.1335998629436348,0.0,2,1,1.0,1,0,0,0,1,88.7,96.3,0.0,1.25,0.0,,0,0,7.0,1.0,4.0,10.0,1.0,50.0,12.0,100.0,1.0,1.0,0.0,1.0,0.1867,0.0,0.5,0.0,1.0,0.0,0.3341,1.0,0.0,0.5948,0.2202,100.0,0.0,1.0,1.0,0.0,0.9891,1,0,0,1,0,0,1,0,0,0,0
CD015134,82.77,0.1723356009070294,0.0,0.0332602565452875,0.0239,1,11,0.14285714285714285,0,0,1,0,0,81.0,82.77,0.0,2.02,20.0,0.11268543957713459,0,0,4.0,12216.0,,8.33,0.0,,1.0,25.0,0.0,0.0,1.0,0.0,0.8153,0.0,0.0667,0.0,0.0,0.0,0.1238,0.0,0.0,0.1618,0.0809,100.0,0.0,0.0,0.9412,0.9804,0.9923,1,0,0,1,0,0,1,0,0,0,0
CD015140,66.67,0.0,0.0,0.1831539874889355,0.0,14,12,0.5555555555555556,1,1,1,1,1,59.6,66.67,0.0,3.02,25.0,0.14254395713209336,0,0,7.0,1742.0,,0.0,0.0,,10.0,0.0,0.0,0.0,1.0,0.0,0.828,0.0,0.2,0.0,0.0,0.0,0.1606,1.0,0.0,1.5383,0.8266,50.0,0.0,0.0,0.6471,1.0,0.967,1,0,0,1,1,0,0,0,0,1,1
CD015145,88.89,0.1111111111111111,0.0,0.1068921745783713,0.0,25,23,0.7777777777777778,1,1,1,0,0,81.5,88.89,,6.48,0.0,0.12601540364755853,0,0,14.0,1006.0,,,,,,,,,,,,,,,,,,,,,,,,,0.8333,0.8611,0.9995,1,0,1,0,0,0,0,1,0,0,0
CD015160,15.56,0.2222222222222222,0.0666666666666666,1.88076426827968,0.0,2,4,0.2857142857142857,1,0,0,0,0,33.9,15.56,,2.2,0.0,0.10602694549325832,0,0,8.0,1828.0,,,,,,,,,,,,,,,,,,,,,,,,,0.5,0.8611,1.0,1,0,0,1,0,0,1,0,0,1,1
CD015192,80.95,0.0,0.0,0.2982950999570061,0.0042,1,5,0.16666666666666666,1,0,0,0,0,73.3,80.95,0.0,2.17,0.0,0.10341256623083087,0,0,15.0,4444.0,,0.0,0.0,,6.0,0.0,0.0,0.0,1.0,0.0,0.8267,0.0,-0.2,0.0,0.0,0.0,0.0,0.0,0.0,2.7728,1.3864,100.0,0.0,1.0,1.0,1.0,0.9984,1,0,0,1,0,0,1,0,0,0,0
CD015213,66.67,0.6666666666666666,0.0,0.4087406109126825,0.0,8,13,0.5714285714285714,1,0,1,0,0,88.3,66.67,0.0,1.14,0.0,0.10602694549325832,0,0,15.0,1923.0,6.0,11.11,2.0,50.0,15.0,100.0,1.0,0.0,0.0,1.0,0.9239,0.0,0.2154,0.0,0.0,0.0,0.049,1.0,0.0,0.0854,0.0588,100.0,0.0,0.0,0.7391,0.3913,0.9978,1,0,0,1,1,0,0,0,0,1,0
CD015215,100.0,0.0,0.0,0.0529216307091729,0.0,47,52,0.6909090909090909,1,1,1,1,1,84.7,100.0,,6.48,10.0,0.12130667052090563,0,0,6.0,847.0,,,,,,,,,,,,,,,,,,,,,,,,,0.8333,0.8611,0.9999,1,0,0,1,0,1,0,0,0,0,0
CD015219,37.59,0.3759398496240601,0.0,0.2757156595738501,0.1251,20,16,0.7333333333333333,1,1,1,0,1,37.9,37.59,0.0,3.44,35.0,0.08995098515607623,0,0,11.0,15540.0,9.0,13.33,4.0,50.0,3.0,100.0,1.0,0.0,0.0,1.0,0.1616,0.0,0.1503,0.0,1.0,0.0,0.2002,0.0,0.0,1.136,0.6153,50.0,0.0,0.0,0.3913,0.9565,0.974,1,0,0,1,1,0,0,0,0,1,1
CD015229,100.0,1.0,0.0,8.212639736670454,0.0,12,6,1.0,1,1,1,0,0,97.0,100.0,1.0,2.32,20.0,0.11360099127845122,0,0,5.0,190.0,4.0,8.33,1.0,44.4,17.0,100.0,1.0,1.0,0.0,1.0,0.0673,1.0,0.3333,0.0,1.0,0.0,0.4444,2.0,1.0,0.1594,0.0981,100.0,0.0,0.0,1.0,0.0,0.7019,1,0,1,0,0,1,0,0,0,0,0
CD015252,31.55,0.3154761904761904,0.0,0.0700045390044766,0.0004,5,22,0.4444444444444444,1,1,1,0,0,54.5,31.55,2.0,1.31,10.0,0.14361123610258625,0,0,4.0,1032.0,6.0,12.5,1.0,85.7,0.0,100.0,1.0,0.0,0.0,1.0,0.0208,1.0,-0.6831,1.0,0.0,0.0,0.0,3.0,2.0,0.643,0.3605,100.0,1.0,0.0,0.549,0.4706,0.9408,1,0,0,1,1,0,0,0,0,1,1
CD015254,31.6,0.316017316017316,0.0,0.076528645584829,0.3265,13,15,0.5,1,1,0,0,0,36.3,31.6,0.0,2.98,65.0,0.10996667148446534,0,0,2.0,177.0,9.0,14.29,2.0,90.0,8.0,75.0,1.0,0.0,0.0,0.0,0.4914,0.0,-0.3182,0.0,0.0,0.0,0.4074,0.0,0.0,0.5736,0.2868,100.0,0.0,1.0,0.5507,0.9275,0.9814,1,0,0,1,0,1,0,0,0,1,1
CD015255,8.53,0.0853174603174603,0.0,0.3511381669606786,0.0045,16,27,0.5,0,1,1,0,1,20.5,8.53,2.0,3.12,50.0,0.13107234109132243,0,0,4.0,689.0,,34.38,4.0,,34.0,37.5,0.0,0.0,1.0,0.0,0.0195,1.0,-0.619,1.0,1.0,0.0,0.3488,1.0,2.0,1.3135,0.6951,50.0,1.0,0.0,0.5098,0.9804,0.8608,1,0,0,1,0,0,1,0,0,1,1
CD015284,23.54,0.2354497354497354,0.0,0.7053150883041497,0.0037,6,31,0.08333333333333333,1,0,1,0,1,36.0,23.54,0.0,3.31,15.0,0.12484373584682383,0,0,15.0,2652.0,,43.75,2.0,,3.0,62.5,0.0,0.0,0.0,0.0,0.2242,0.0,0.6,0.0,0.0,0.0,0.4597,1.0,0.0,1.4044,0.7883,50.0,0.0,0.0,0.3529,0.9608,0.9892,1,0,0,1,0,0,1,0,0,1,1
CD015314,66.67,0.6666666666666666,0.0,0.50630414829005,0.0,5,2,1.0,1,1,1,0,0,43.1,66.67,3.0,3.64,35.0,0.10617349005912904,0,0,38.0,18439.0,5.0,4.17,3.0,23.8,25.0,100.0,1.0,1.0,0.0,1.0,0.0046,1.0,0.4571,1.0,1.0,0.0,0.4293,3.0,3.0,0.9,0.5123,100.0,1.0,0.0,0.7391,0.913,0.9592,1,0,0,1,1,0,0,0,0,1,1
CD015326,66.67,0.6666666666666666,0.0,0.021666537655437,0.0,10,25,0.23684210526315788,1,0,0,0,0,56.8,66.67,0.0,2.07,10.0,0.08386697281857977,0,0,21.0,4989.0,7.0,11.54,5.0,43.8,10.0,100.0,1.0,0.0,0.0,1.0,0.4918,0.0,-0.1217,0.0,0.0,0.0,0.1822,1.0,0.0,0.3276,0.1682,100.0,0.0,1.0,0.7391,0.6522,0.98,1,0,0,1,1,0,0,0,0,1,1
CD015328,22.05,0.2205215419501134,0.0,0.1003907487831588,0.2119,22,17,0.8888888888888888,1,1,1,1,0,33.0,22.05,0.0,3.84,65.0,0.07763836757408121,0,0,51.0,0.0,,3.12,1.0,,19.0,50.0,0.0,0.0,0.0,0.0,0.1396,0.0,0.1293,0.0,1.0,0.0,0.2315,1.0,0.0,0.9217,0.5211,100.0,0.0,1.0,0.8986,0.971,0.905,1,0,0,1,0,1,0,0,0,1,1
CD015330,72.22,0.0,0.0,0.0428246403765852,0.0,9,9,0.6666666666666666,1,1,1,1,0,62.3,72.22,0.0,1.15,20.0,0.09977111207467085,0,0,21.0,0.0,,0.0,0.0,,9.0,0.0,0.0,0.0,1.0,0.0,0.5279,0.0,-0.1835,0.0,0.0,0.0,0.0599,1.0,0.0,1.5318,0.835,50.0,0.0,0.0,0.7391,1.0,0.9079,1,0,0,1,1,0,0,0,0,0,0
CD015331,75.51,0.7551020408163265,0.0,0.0375467214759578,0.0,6,94,0.07058823529411765,1,1,1,0,0,88.4,75.51,0.0,1.03,20.0,0.0782355536284361,0,0,15.0,2220.0,33.0,7.78,8.0,68.8,20.0,100.0,1.0,0.0,0.0,1.0,0.6217,0.0,0.0827,0.0,0.0,0.0,0.0383,0.0,0.0,0.2771,0.1385,100.0,0.0,0.0,0.7391,0.3188,0.9956,1,0,0,1,1,0,0,0,0,0,0
CD015332,94.44,0.0555555555555555,0.0,0.0159547528002381,0.0,8,26,0.17073170731707318,1,1,0,0,0,86.6,94.44,0.0,1.62,10.0,0.10993944331037643,0,0,3.0,396.0,,0.0,0.0,,0.0,0.0,0.0,0.0,1.0,0.0,0.6862,0.0,0.5,0.0,0.0,0.0,0.0,0.0,0.0,0.1329,0.0664,100.0,0.0,0.0,1.0,1.0,0.9822,1,0,0,1,0,0,1,0,0,0,0
CD015350,91.43,0.0380952380952381,0.0,0.1034077127451925,0.0057,0,10,0.0,0,0,0,0,0,79.5,91.43,0.0,2.84,50.0,0.11477979344136004,0,0,13.0,1443.0,,0.0,0.0,,19.0,0.0,0.0,0.0,1.0,0.0,0.9268,0.0,0.3333,0.0,0.0,0.0,0.1851,0.0,0.0,0.332,0.1501,100.0,0.0,0.0,1.0,1.0,0.9076,1,0,0,1,0,0,1,0,0,0,0
CD015373,71.43,0.0,0.0,0.6285208293120841,0.0148,5,20,0.21739130434782608,0,1,1,0,0,70.0,71.43,0.0,2.02,0.0,0.07292963444742831,0,0,16.0,718.0,,0.0,0.0,,16.0,0.0,0.0,0.0,1.0,0.0,0.6619,0.0,0.0,0.0,0.0,0.0,0.0,0.0,0.0,11.0924,5.5462,100.0,0.0,1.0,1.0,1.0,0.9999,1,0,0,1,0,0,1,0,0,0,0
CD015383,51.85,0.5185185185185185,0.0,2.0647982609033217,0.0,0,0,0.0,0,0,0,0,0,73.1,51.85,0.0,1.62,0.0,0.1541277716554028,0,0,6.0,140.0,4.0,25.0,1.0,80.0,6.0,100.0,1.0,1.0,0.0,1.0,0.6572,0.0,0.2,0.0,0.0,0.0,0.2454,0.0,0.0,0.3795,0.1897,100.0,0.0,1.0,0.6471,0.4706,0.9999,1,0,0,1,1,0,0,0,0,1,0
CD015387,66.67,0.6666666666666666,0.0,0.1513972010642552,0.0,7,12,0.5555555555555556,1,1,1,1,0,63.1,66.67,2.0,1.98,35.0,0.10330817740058908,0,0,19.0,7296.0,8.0,4.86,2.0,38.1,26.0,100.0,1.0,0.0,0.0,1.0,0.0487,1.0,-0.2816,1.0,0.0,0.0,0.1564,4.0,2.0,0.7472,0.3938,100.0,1.0,0.0,0.7391,0.7826,0.9813,1,1,0,0,1,0,0,0,0,1,0
CD015395,77.78,0.7777777777777778,0.0,0.0958557205363124,0.0,4,7,0.5,0,1,0,0,0,89.6,77.78,,2.2,0.0,,0,0,2.0,2488.0,,,,,,,,,,,,,,,,,,,,,,,,,1.0,0.0833,0.9782,1,0,0,1,1,0,0,0,0,0,0
CD015432,51.85,0.0035273368606701,0.0035273368606701,0.4218872599154419,0.2198,5,14,0.26666666666666666,1,1,0,1,0,46.9,51.85,0.0,2.92,75.0,0.10953678264508764,0,0,8.0,748.0,,0.0,0.0,,22.0,0.0,0.0,0.0,1.0,0.0,0.1709,0.0,-0.4286,0.0,0.0,0.0,0.2573,0.0,0.0,3.4795,1.9056,50.0,0.0,0.0,0.5882,1.0,0.9348,1,0,0,1,1,0,0,0,0,1,1
CD015443,68.33,0.6833333333333333,0.0,0.1406320463520965,0.0,8,23,0.5,1,1,1,1,0,62.9,68.33,0.0,3.2,40.0,0.08372237991157766,0,0,16.0,8752.0,3.0,0.0,0.0,15.8,19.0,100.0,1.0,1.0,0.0,1.0,0.498,0.0,0.2398,0.0,1.0,0.0,0.3383,3.0,0.0,0.2903,0.1915,100.0,0.0,0.0,0.7391,0.913,0.993,1,0,0,1,1,0,0,0,0,1,0
CD015448,68.85,0.0198412698412698,0.0,1.705334497969365,0.0007,0,5,0.0,0,0,0,0,0,56.1,68.85,1.0,2.27,20.0,0.10330817740058908,0,0,13.0,1624.0,,25.0,2.0,,0.0,0.0,0.0,0.0,1.0,0.0,0.0851,1.0,0.0476,0.0,0.0,0.0,0.0,1.0,1.0,1.0548,0.55,50.0,1.0,0.0,0.6471,1.0,0.5642,1,0,0,1,1,0,0,0,0,1,1
CD015476,68.55,0.685515873015873,0.0,0.0505227730600188,0.0,10,17,0.4666666666666667,1,1,1,0,0,39.2,68.55,2.0,3.31,65.0,0.12285377081284017,0,0,15.0,29532.0,8.0,12.5,4.0,53.3,3.0,100.0,1.0,0.0,0.0,1.0,0.4264,0.0,0.6571,1.0,1.0,0.0,0.4878,2.0,2.0,0.3967,0.2651,100.0,1.0,0.0,0.7391,0.913,0.9862,1,0,0,1,1,0,0,0,0,1,1
CD015514,75.0,0.0,0.0,0.2418808950494295,0.0,5,8,0.625,0,1,0,0,1,75.0,75.0,,9.43,0.0,0.12038398445741486,0,0,1.0,239.0,,,,,,,,,,,,,,,,,,,,,,,,,1.0,1.0,0.9161,1,0,0,1,0,0,1,0,0,0,0
CD015518,66.67,0.6666666666666666,0.0,0.2942033310688611,0.0,2,10,0.2,1,0,0,0,0,53.8,66.67,0.0,3.57,30.0,0.07763836757408121,0,0,,,6.0,11.11,2.0,50.0,11.0,100.0,1.0,0.0,0.0,1.0,0.7313,0.0,-0.1515,0.0,0.0,0.0,0.1665,3.0,0.0,0.5133,0.296,100.0,0.0,1.0,0.7246,0.9275,0.9989,1,0,0,0,1,0,0,0,0,1,1
CD015520,42.59,0.4259259259259259,0.0,0.0912915116496739,0.0,1,8,0.09090909090909091,1,0,0,0,0,49.9,42.59,0.0,1.62,0.0,0.09977111207467085,0,0,,,5.0,50.0,2.0,100.0,5.0,100.0,1.0,1.0,0.0,1.0,0.5169,0.0,0.0,0.0,0.0,0.0,0.169,1.0,0.0,0.3963,0.2321,100.0,0.0,1.0,0.7255,0.3725,0.9979,1,0,0,0,0,0,1,0,0,1,1
CD015524,93.33,0.0,0.0,0.1495505028934826,0.0,2,32,0.05555555555555555,1,0,0,0,0,83.6,93.33,,2.2,0.0,0.09465971828272914,0,0,9.0,1448.0,,,,,,,,,,,,,,,,,,,,,,,,,0.8333,0.8611,1.0,1,0,0,1,0,0,1,0,0,0,0
CD015532,66.8,0.0859788359788359,0.0,0.3407794988171727,0.0052,9,26,0.3888888888888889,1,1,1,1,0,51.6,66.8,1.0,2.87,45.0,0.08691124092038491,0,0,,,,0.0,0.0,,1.0,0.0,0.0,0.0,1.0,0.0,0.0548,1.0,0.3818,0.0,0.0,0.0,0.1669,1.0,1.0,0.736,0.3094,75.0,1.0,0.0,0.8696,0.9855,0.9741,1,0,0,0,0,0,1,0,0,1,1
CD015536,82.54,0.023088023088023,0.0,0.2425488298370322,0.0026,7,17,0.4,1,1,1,1,0,71.6,82.54,0.0,2.62,15.0,0.12451823583768795,0,0,15.0,4436.0,,0.0,0.0,,13.0,0.0,0.0,0.0,1.0,0.0,0.7595,0.0,-0.0667,0.0,0.0,0.0,0.1103,0.0,0.0,0.7327,0.3664,100.0,0.0,1.0,1.0,1.0,0.993,1,0,0,1,1,0,0,0,0,0,0
CD015551,75.0,0.0,0.0,0.033532652047592,0.0,6,3,0.8333333333333334,0,1,0,0,1,73.0,75.0,,6.48,10.0,0.13890250297593335,0,0,5.0,6173.0,,,,,,,,,,,,,,,,,,,,,,,,,1.0,1.0,0.9081,1,0,0,1,0,0,1,0,0,0,0
CD015573,66.67,0.0,0.0,1.4322116530790805,0.0,0,2,0.0,0,0,0,0,0,71.1,66.67,,2.2,0.0,0.12090400985561682,0,0,,,,,,,,,,,,,,,,,,,,,,,,,,,0.5,1.0,0.9999,1,0,0,0,1,0,0,0,0,1,0
CD015584,66.67,0.0,0.0,0.0480698694701509,0.0,2,12,0.2,1,0,0,1,0,50.8,66.67,2.0,2.66,50.0,0.08843111303823058,0,0,14.0,2437.0,,0.0,0.0,,11.0,0.0,0.0,0.0,1.0,0.0,0.0276,1.0,0.4394,1.0,0.0,0.0,0.1557,0.0,2.0,4.0679,2.2651,50.0,1.0,0.0,0.7391,0.9565,0.943,1,0,0,1,1,0,0,0,0,1,1
CD015588,68.63,0.6862745098039216,0.0,0.0385294336266676,0.0,28,47,0.42857142857142855,1,1,1,0,1,66.0,68.63,0.0,2.14,20.0,0.06548007130439196,0,0,25.0,45544.0,4.0,3.85,2.0,25.0,9.0,100.0,1.0,1.0,0.0,1.0,0.7089,0.0,0.15,0.0,0.0,0.0,0.1087,1.0,0.0,0.2301,0.1239,100.0,0.0,0.0,0.6522,0.913,0.7711,1,0,0,1,1,0,0,0,0,1,0
CD015636,77.78,0.7777777777777778,0.0,0.0716488921677329,0.0,1,0,1.0,0,0,0,0,1,92.2,77.78,0.0,1.62,0.0,,0,0,1.0,12612.0,3.0,0.0,0.0,60.0,0.0,100.0,1.0,1.0,0.0,1.0,0.9528,0.0,-0.1054,0.0,1.0,0.0,0.988,1.0,0.0,0.0286,0.0143,100.0,0.0,0.0,1.0,0.0,0.9986,1,0,0,1,1,0,0,0,0,0,0
CD015673,91.85,0.0814814814814814,0.0,0.0528238260997888,0.0,3,11,0.09090909090909091,1,1,1,0,0,74.1,91.85,0.0,1.11,20.0,0.12285377081284017,0,0,8.0,2041.0,,27.27,5.0,,13.0,0.0,0.0,0.0,1.0,0.0,0.5471,0.0,0.2527,0.0,0.0,0.0,0.0,0.0,0.0,0.5109,0.2555,100.0,0.0,1.0,1.0,1.0,0.9981,1,0,0,1,0,0,1,0,0,0,0
CD015698,100.0,0.0,0.0,0.2445860770922718,0.0,0,5,0.0,0,0,0,0,0,86.7,100.0,,6.48,0.0,0.11619527672896392,0,0,8.0,0.0,,,,,,,,,,,,,,,,,,,,,,,,,0.8333,0.8611,1.0,1,0,0,1,0,1,0,0,0,0,0
CD015721,41.5,0.0,0.0,0.042705428966889,0.138,0,6,0.0,0,0,0,0,0,53.0,41.5,0.0,2.33,10.0,0.08187700778459611,0,0,6.0,2336.0,,0.0,0.0,,1.0,0.0,0.0,0.0,1.0,0.0,0.3412,0.0,-0.3333,0.0,0.0,0.0,0.0,0.0,0.0,2.8076,1.4038,50.0,0.0,0.0,0.5294,1.0,0.7821,1,0,0,1,0,0,1,0,0,1,1
CD015746,71.43,0.7142857142857143,0.0,0.4376756696582549,0.0,9,5,0.75,1,1,1,0,0,76.3,71.43,0.0,3.01,25.0,0.11891404482163316,0,0,10.0,219563.0,4.0,12.5,1.0,66.7,7.0,100.0,1.0,1.0,0.0,1.0,0.366,0.0,-0.6,0.0,1.0,0.0,0.9988,1.0,0.0,0.3676,0.1889,100.0,0.0,1.0,0.6471,0.4706,0.9941,1,0,0,1,1,0,0,0,0,0,0
CD015749,75.0,0.0,0.0,0.4920539899385336,0.0,0,3,0.0,0,0,0,0,0,75.0,75.0,,9.83,0.0,0.09114988113089982,0,0,4.0,890.0,,,,,,,,,,,,,,,,,,,,,,,,,1.0,1.0,1.0,1,0,0,1,0,0,1,0,0,0,0
CD015751,100.0,0.0,0.0,0.160024260753979,0.0,1,4,0.16666666666666666,1,0,0,0,0,86.7,100.0,,6.48,0.0,0.11736694452969859,0,0,5.0,317.0,,,,,,,,,,,,,,,,,,,,,,,,,1.0,1.0,1.0,1,0,0,1,0,1,0,0,0,0,0
CD015779,60.32,0.6031746031746031,0.0,0.4273783081326395,0.0,4,9,0.4,0,1,1,0,1,66.1,60.32,1.0,1.42,0.0,0.12008571262236784,0,0,,,6.0,33.33,2.0,100.0,21.0,100.0,1.0,0.0,0.0,1.0,0.0831,1.0,-0.4667,0.0,0.0,0.0,0.0987,1.0,1.0,0.5467,0.2862,100.0,1.0,0.0,0.6078,0.4706,0.9933,1,0,0,0,1,0,0,0,0,1,0
CD015786,78.79,0.7878787878787878,0.0,1.786282356341159,0.0,1,1,0.16666666666666666,1,0,0,0,0,72.6,78.79,1.0,1.18,0.0,0.1275625039394931,0,0,4.0,3942.0,8.0,14.29,2.0,80.0,0.0,100.0,1.0,0.0,0.0,1.0,0.1273,0.0,0.7949,1.0,0.0,0.0,0.0,0.0,1.0,2.185,0.8694,100.0,1.0,0.0,0.9275,0.2029,1.0,1,0,0,1,1,0,0,0,0,0,0
CD015788,15.87,0.1587301587301587,0.0,0.2948626870091988,0.0073,1,4,0.2,0,1,0,0,0,28.3,15.87,1.0,3.01,15.0,0.09403530405428535,0,0,4.0,1241.0,,15.0,1.0,,7.0,50.0,0.0,0.0,0.0,0.0,0.0616,1.0,0.2143,0.0,0.0,0.0,0.2888,0.0,1.0,1.8576,1.002,50.0,1.0,0.0,0.4314,0.9804,0.9791,1,0,0,1,0,0,1,0,0,1,1
CD015804,96.3,0.0,0.0,0.0120157096931827,0.0,1,8,0.08333333333333333,0,0,0,0,1,87.2,96.3,0.0,1.41,10.0,0.10692240338266018,0,0,8.0,3603.0,,0.0,0.0,,2.0,0.0,0.0,0.0,1.0,0.0,0.9256,0.0,0.1429,0.0,0.0,0.0,0.0687,1.0,0.0,0.1978,0.1154,100.0,0.0,0.0,1.0,1.0,0.4886,1,0,0,1,0,0,1,0,0,0,0
CD015820,73.33,0.0,0.0,0.5048783945434115,0.0,0,5,0.0,0,0,0,0,0,74.2,73.33,,2.2,0.0,0.1553266676302264,0,0,5.0,602.0,,,,,,,,,,,,,,,,,,,,,,,,,0.5,1.0,0.9998,1,0,0,1,1,0,0,0,0,0,0
CD015824,67.99,0.6798941798941799,0.0,0.0425158219673088,0.0494,4,12,0.2222222222222222,1,1,1,0,0,88.8,67.99,0.0,1.62,0.0,0.11265821140304569,0,0,6.0,3155.0,4.0,25.0,1.0,80.0,3.0,100.0,1.0,1.0,0.0,1.0,0.9871,0.0,0.0,0.0,0.0,0.0,0.4733,0.0,0.0,0.0054,0.0027,100.0,0.0,0.0,0.9216,0.1765,0.6621,0,0,0,1,1,0,0,0,0,1,0
CD015830,31.43,0.3142857142857143,0.0,0.2943028887956798,0.0265,0,4,0.0,0,0,0,0,0,41.3,31.43,,3.22,0.0,0.09465971828272914,0,0,4.0,121.0,,,,,,,,,,,,,,,,,,,,,,,,,0.6944,0.8333,0.9938,1,0,1,0,1,0,0,0,0,1,1
CD015849,45.63,0.4563492063492063,0.0,0.0584937202983143,0.0863,26,48,0.46,1,1,0,1,1,58.0,45.63,0.0,2.04,20.0,0.11557086250052012,0,0,14.0,39333.0,7.0,18.75,2.0,100.0,7.0,75.0,1.0,0.0,0.0,0.0,0.5326,0.0,-0.2381,0.0,0.0,0.0,0.2401,1.0,0.0,0.2918,0.1542,100.0,0.0,0.0,0.5882,0.902,0.9112,1,0,0,1,1,0,0,0,0,1,1
CD015854,88.89,0.0555555555555555,0.0,0.3675130210828002,0.0,1,10,0.1,0,0,0,0,1,76.1,88.89,0.0,1.62,0.0,0.10993944331037643,0,0,,,,0.0,0.0,,0.0,0.0,0.0,0.0,1.0,0.0,0.8335,0.0,-0.1111,0.0,0.0,0.0,0.0,1.0,0.0,0.8445,0.4624,100.0,0.0,1.0,1.0,1.0,0.9999,1,0,0,0,1,0,0,0,0,0,0
CD015894,66.67,0.6666666666666666,0.0,0.1225158311727622,0.0,0,3,0.0,0,0,0,0,0,66.1,66.67,0.0,3.0,15.0,0.08220250779373202,0,0,10.0,901.0,6.0,25.0,2.0,85.7,6.0,100.0,1.0,0.0,0.0,1.0,0.9506,0.0,0.0476,0.0,1.0,0.0,0.5184,0.0,0.0,0.115,0.0575,100.0,0.0,0.0,0.6471,0.9412,0.9991,1,0,0,1,1,0,0,0,0,1,0
CD015932,58.01,0.5800865800865801,0.0,0.1250962833022396,0.0216,16,26,0.631578947368421,0,1,1,1,1,45.6,58.01,1.0,3.31,65.0,0.06898990845622127,0,0,9.0,2289.0,7.0,17.86,4.0,70.0,27.0,100.0,1.0,0.0,0.0,1.0,0.712,0.0,-0.6444,1.0,1.0,0.0,0.7981,1.0,1.0,0.3293,0.1947,100.0,0.0,1.0,0.6232,0.913,0.756,1,0,0,1,1,0,0,0,0,1,1
CD015968,91.67,0.0,0.0,1.3367564362927573,0.0,2,18,0.1,0,1,0,0,0,82.8,91.67,,7.71,0.0,0.09465971828272914,0,0,,,,,,,,,,,,,,,,,,,,,,,,,,,0.5,1.0,0.9996,1,0,0,0,0,0,1,0,0,0,0
CD016031,85.39,0.0114942528735632,0.0,0.0525964054811724,0.0041,8,19,0.3333333333333333,1,1,0,1,0,84.9,85.39,0.0,1.05,0.0,0.165494998865932,0,0,,,,0.0,0.0,,43.0,0.0,0.0,0.0,1.0,0.0,0.9683,0.0,-0.0918,0.0,0.0,0.0,0.0333,0.0,0.0,0.095,0.0475,100.0,0.0,0.0,1.0,1.0,0.9477,1,0,0,0,1,0,0,0,0,0,0
CD016064,64.29,0.0,0.0,0.8603273858023699,0.0033,4,8,0.3333333333333333,1,0,0,0,0,57.5,64.29,2.0,1.62,0.0,0.1263636079646695,0,0,,,,0.0,0.0,,24.0,0.0,0.0,0.0,1.0,0.0,0.0269,1.0,0.8,1.0,0.0,0.0,0.0,2.0,2.0,3.2735,1.7478,50.0,1.0,0.0,0.6471,0.902,0.9933,1,0,0,0,1,0,0,0,0,1,1
CD016119,83.94,0.8394024276377218,0.0,0.14505736409569,0.1745,2,17,0.1,0,1,1,0,0,62.9,83.94,0.0,2.57,10.0,0.058821577220515696,0,0,,,16.0,5.77,2.0,100.0,17.0,75.0,1.0,0.0,0.0,0.0,0.1768,0.0,-0.0586,0.0,0.0,0.0,0.0624,1.0,0.0,1.4786,0.5497,100.0,0.0,1.0,0.8116,0.8696,0.9281,1,0,0,0,0,0,1,0,0,0,0
CD016120,46.67,0.019047619047619,0.0,0.7182161580976495,0.1786,2,22,0.08695652173913043,0,1,0,0,0,53.8,46.67,,4.4,40.0,0.09403530405428535,0,0,,,,,,,,,,,,,,,,,,,,,,,,,,,0.5833,1.0,0.8911,1,0,0,0,0,0,1,0,0,1,1
CD016131,88.89,0.0555555555555555,0.0,0.1889535482874671,0.0,6,5,0.7142857142857143,1,1,1,0,0,76.1,88.89,0.0,1.62,0.0,0.12130667052090563,0,0,,,,50.0,2.0,,2.0,0.0,0.0,0.0,1.0,0.0,0.6289,0.0,0.2,0.0,0.0,0.0,0.0,1.0,0.0,0.6739,0.3571,100.0,0.0,1.0,0.9216,0.9216,0.9999,1,0,0,0,0,0,1,0,0,0,0
CD016136,98.92,0.989247311827957,0.0,0.2183364069595176,0.0,2,5,0.4,1,0,0,0,0,63.6,98.92,1.0,4.75,40.0,0.13227123706614602,0,0,,,4.0,1.85,2.0,13.3,19.0,100.0,1.0,1.0,0.0,1.0,0.2934,0.0,0.2092,0.0,1.0,0.0,0.6217,0.0,1.0,0.3263,0.1759,100.0,0.0,1.0,1.0,0.8696,0.9404,1,0,0,0,0,0,1,0,0,0,0
CD016147,97.62,0.0238095238095238,0.0,0.177686584378221,0.061,3,12,0.25,0,1,0,0,0,82.6,97.62,,10.82,15.0,0.09859944427393616,0,0,,,,,,,,,,,,,,,,,,,,,,,,,,,1.0,1.0,0.9997,1,0,0,0,0,0,1,0,0,0,0
CD016148,66.67,0.0,0.0,0.1052993686295614,0.0,3,8,0.375,1,0,1,0,1,67.1,66.67,,2.2,20.0,0.10248988016734009,0,0,,,,,,,,,,,,,,,,,,,,,,,,,,,0.5,1.0,0.9405,1,0,0,0,1,0,0,0,0,1,0
CD016211,83.33,0.8333333333333334,0.0,0.0154322202428963,0.0,5,16,0.25,0,1,0,0,1,91.2,83.33,0.0,1.62,20.0,,0,0,,,5.0,50.0,1.0,100.0,2.0,100.0,1.0,1.0,0.0,1.0,0.2579,0.0,0.4,0.0,0.0,0.0,0.1998,2.0,0.0,0.1224,0.0494,100.0,0.0,0.0,1.0,0.1765,0.7716,1,0,0,0,0,0,1,0,0,0,0
CD016278,93.33,0.0,0.0,0.0887880167425861,0.0,2,17,0.1111111111111111,0,1,0,0,0,79.6,93.33,,2.65,20.0,0.09764953003635647,0,0,,,,,,,,,,,,,,,,,,,,,,,,,,,1.0,1.0,0.7982,1,0,0,0,0,0,1,0,0,0,0
